Workbook
Name LiborTenor: ForwardLiborSimulation!$E$3
Name TimeStep: ForwardLiborSimulation!$E$2

Sheet ForwardLiborSimulation
D2: Time Step | E2: =1/12/1 -> 0.083333333 | F2: <- 1month
D3: Libor Tenor | E3: 0.25 | F3: <- 3month | H3: Simulated Forward Libor Curve
G4: Initial
E5: Initial | G5: Forward Libor
D6: Maturity (in years) | E6: Discount Factor | F6: =+F47 -> t (years) = | G6: =+G47 -> 0 | H6: =+H47 -> 0.083333333 | I6: =+I47 -> 0.16666667 | J6: =+J47 -> 0.25 | K6: =+K47 -> 0.33333333 | L6: =+L47 -> 0.41666667 | M6: =+M47 -> 0.5 | ... DW6: =+DW47 -> 10
D7: =+D8+$E$3 -> 10 | E7: =+E8/(1+(D7-D8)*G7) -> 0.62440567 | F7: =+"L(t;"&D8&","&D7&")" -> L(t;9.75,10) | G7: 0.05 | H7: =+G7+G7*Volatility!G7*(-DriftSum!H7*TimeStep+SQRT(TimeStep)*H$49) -> 0.050874068 | I7: =+H7+H7*Volatility!H7*(-DriftSum!I7*TimeStep+SQRT(TimeStep)*I$49) -> 0.05093397 | J7: =+I7+I7*Volatility!I7*(-DriftSum!J7*TimeStep+SQRT(TimeStep)*J$49) -> 0.050090072 | K7: =+J7+J7*Volatility!J7*(-DriftSum!K7*TimeStep+SQRT(TimeStep)*K$49) -> 0.050387196 | L7: =+K7+K7*Volatility!K7*(-DriftSum!L7*TimeStep+SQRT(TimeStep)*L$49) -> 0.049437445 | M7: =+L7+L7*Volatility!L7*(-DriftSum!M7*TimeStep+SQRT(TimeStep)*M$49) -> 0.051456836 | N7: =+M7+M7*Volatility!M7*(-DriftSum!N7*TimeStep+SQRT(TimeStep)*N$49) -> 0.051154898 | O7: =+N7+N7*Volatility!N7*(-DriftSum!O7*TimeStep+SQRT(TimeStep)*O$49) -> 0.052316916 | ... DT7: =+DS7+DS7*Volatility!DS7*(-DriftSum!DT7*TimeStep+SQRT(TimeStep)*DT$49) -> 0.062346112
D8: =+D9+$E$3 -> 9.75 | E8: =+E9/(1+(D8-D9)*G8) -> 0.63221074 | F8: =+"L(t;"&D9&","&D8&")" -> L(t;9.5,9.75) | G8: 0.05 | H8: =+G8+G8*Volatility!G8*(-DriftSum!H8*TimeStep+SQRT(TimeStep)*H$49) -> 0.050911815 | I8: =+H8+H8*Volatility!H8*(-DriftSum!I8*TimeStep+SQRT(TimeStep)*I$49) -> 0.050974059 | J8: =+I8+I8*Volatility!I8*(-DriftSum!J8*TimeStep+SQRT(TimeStep)*J$49) -> 0.050093531 | K8: =+J8+J8*Volatility!J8*(-DriftSum!K8*TimeStep+SQRT(TimeStep)*K$49) -> 0.050402959 | L8: =+K8+K8*Volatility!K8*(-DriftSum!L8*TimeStep+SQRT(TimeStep)*L$49) -> 0.049412493 | M8: =+L8+L8*Volatility!L8*(-DriftSum!M8*TimeStep+SQRT(TimeStep)*M$49) -> 0.051515884 | N8: =+M8+M8*Volatility!M8*(-DriftSum!N8*TimeStep+SQRT(TimeStep)*N$49) -> 0.05120054 | O8: =+N8+N8*Volatility!N8*(-DriftSum!O8*TimeStep+SQRT(TimeStep)*O$49) -> 0.052412456 | ... CJ8: =+CI8+CI8*Volatility!CI8*(-DriftSum!CJ8*TimeStep+SQRT(TimeStep)*CJ$49) -> 0.053040034 | CK8: =+CJ8-CJ8*Volatility!CJ8*DriftSum!CK8*TimeStep+Volatility!CJ8*CJ8*SQRT(TimeStep)*CK$49 -> 0.052616977 | CL8: =+CK8-CK8*Volatility!CK8*DriftSum!CL8*TimeStep+Volatility!CK8*CK8*SQRT(TimeStep)*CL$49 -> 0.053608968 | CM8: =+CL8-CL8*Volatility!CL8*DriftSum!CM8*TimeStep+Volatility!CL8*CL8*SQRT(TimeStep)*CM$49 -> 0.053063111 | CN8: =+CM8-CM8*Volatility!CM8*DriftSum!CN8*TimeStep+Volatility!CM8*CM8*SQRT(TimeStep)*CN$49 -> 0.052411643 | CO8: =+CN8-CN8*Volatility!CN8*DriftSum!CO8*TimeStep+Volatility!CN8*CN8*SQRT(TimeStep)*CO$49 -> 0.050468274 | CP8: =+CO8-CO8*Volatility!CO8*DriftSum!CP8*TimeStep+Volatility!CO8*CO8*SQRT(TimeStep)*CP$49 -> 0.051164108 | CQ8: =+CP8-CP8*Volatility!CP8*DriftSum!CQ8*TimeStep+Volatility!CP8*CP8*SQRT(TimeStep)*CQ$49 -> 0.052450929 | CR8: =+CQ8-CQ8*Volatility!CQ8*DriftSum!CR8*TimeStep+Volatility!CQ8*CQ8*SQRT(TimeStep)*CR$49 -> 0.053645155 | ... DQ8: =+DP8-DP8*Volatility!DP8*DriftSum!DQ8*TimeStep+Volatility!DP8*DP8*SQRT(TimeStep)*DQ$49 -> 0.062621978
D9: =+D10+$E$3 -> 9.5 | E9: =+E10/(1+(D9-D10)*G9) -> 0.64011337 | F9: =+"L(t;"&D10&","&D9&")" -> L(t;9.25,9.5) | G9: 0.05 | H9: =+G9+G9*Volatility!G9*(-DriftSum!H9*TimeStep+SQRT(TimeStep)*H$49) -> 0.05094953 | I9: =+H9+H9*Volatility!H9*(-DriftSum!I9*TimeStep+SQRT(TimeStep)*I$49) -> 0.051014083 | J9: =+I9+I9*Volatility!I9*(-DriftSum!J9*TimeStep+SQRT(TimeStep)*J$49) -> 0.050096834 | K9: =+J9+J9*Volatility!J9*(-DriftSum!K9*TimeStep+SQRT(TimeStep)*K$49) -> 0.050418533 | L9: =+K9+K9*Volatility!K9*(-DriftSum!L9*TimeStep+SQRT(TimeStep)*L$49) -> 0.049387297 | M9: =+L9+L9*Volatility!L9*(-DriftSum!M9*TimeStep+SQRT(TimeStep)*M$49) -> 0.051574559 | N9: =+M9+M9*Volatility!M9*(-DriftSum!N9*TimeStep+SQRT(TimeStep)*N$49) -> 0.051245746 | O9: =+N9+N9*Volatility!N9*(-DriftSum!O9*TimeStep+SQRT(TimeStep)*O$49) -> 0.052507599 | ... CJ9: =+CI9+CI9*Volatility!CI9*(-DriftSum!CJ9*TimeStep+SQRT(TimeStep)*CJ$49) -> 0.053093786 | CK9: =+CJ9-CJ9*Volatility!CJ9*DriftSum!CK9*TimeStep+Volatility!CJ9*CJ9*SQRT(TimeStep)*CK$49 -> 0.052652802 | CL9: =+CK9-CK9*Volatility!CK9*DriftSum!CL9*TimeStep+Volatility!CK9*CK9*SQRT(TimeStep)*CL$49 -> 0.053685387 | CM9: =+CL9-CL9*Volatility!CL9*DriftSum!CM9*TimeStep+Volatility!CL9*CL9*SQRT(TimeStep)*CM$49 -> 0.053116254 | CN9: =+CM9-CM9*Volatility!CM9*DriftSum!CN9*TimeStep+Volatility!CM9*CM9*SQRT(TimeStep)*CN$49 -> 0.052437366 | CO9: =+CN9-CN9*Volatility!CN9*DriftSum!CO9*TimeStep+Volatility!CN9*CN9*SQRT(TimeStep)*CO$49 -> 0.050413897 | CP9: =+CO9-CO9*Volatility!CO9*DriftSum!CP9*TimeStep+Volatility!CO9*CO9*SQRT(TimeStep)*CP$49 -> 0.051136862 | CQ9: =+CP9-CP9*Volatility!CP9*DriftSum!CQ9*TimeStep+Volatility!CP9*CP9*SQRT(TimeStep)*CQ$49 -> 0.052474832 | CR9: =+CQ9-CQ9*Volatility!CQ9*DriftSum!CR9*TimeStep+Volatility!CQ9*CQ9*SQRT(TimeStep)*CR$49 -> 0.053717716 | ... DN9: =+DM9-DM9*Volatility!DM9*DriftSum!DN9*TimeStep+Volatility!DM9*DM9*SQRT(TimeStep)*DN$49 -> 0.068087922
D10: =+D11+$E$3 -> 9.25 | E10: =+E11/(1+(D10-D11)*G10) -> 0.64811479 | F10: =+"L(t;"&D11&","&D10&")" -> L(t;9,9.25) | G10: 0.05 | H10: =+G10+G10*Volatility!G10*(-DriftSum!H10*TimeStep+SQRT(TimeStep)*H$49) -> 0.05098721 | I10: =+H10+H10*Volatility!H10*(-DriftSum!I10*TimeStep+SQRT(TimeStep)*I$49) -> 0.05105404 | J10: =+I10+I10*Volatility!I10*(-DriftSum!J10*TimeStep+SQRT(TimeStep)*J$49) -> 0.050099977 | K10: =+J10+J10*Volatility!J10*(-DriftSum!K10*TimeStep+SQRT(TimeStep)*K$49) -> 0.050433914 | L10: =+K10+K10*Volatility!K10*(-DriftSum!L10*TimeStep+SQRT(TimeStep)*L$49) -> 0.04936185 | M10: =+L10+L10*Volatility!L10*(-DriftSum!M10*TimeStep+SQRT(TimeStep)*M$49) -> 0.05163285 | N10: =+M10+M10*Volatility!M10*(-DriftSum!N10*TimeStep+SQRT(TimeStep)*N$49) -> 0.051290502 | O10: =+N10+N10*Volatility!N10*(-DriftSum!O10*TimeStep+SQRT(TimeStep)*O$49) -> 0.052602331 | ... CJ10: =+CI10+CI10*Volatility!CI10*(-DriftSum!CJ10*TimeStep+SQRT(TimeStep)*CJ$49) -> 0.053140541 | CK10: =+CJ10-CJ10*Volatility!CJ10*DriftSum!CK10*TimeStep+Volatility!CJ10*CJ10*SQRT(TimeStep)*CK$49 -> 0.052681615 | CL10: =+CK10-CK10*Volatility!CK10*DriftSum!CL10*TimeStep+Volatility!CK10*CK10*SQRT(TimeStep)*CL$49 -> 0.053754666 | CM10: =+CL10-CL10*Volatility!CL10*DriftSum!CM10*TimeStep+Volatility!CL10*CL10*SQRT(TimeStep)*CM$49 -> 0.053162231 | CN10: =+CM10-CM10*Volatility!CM10*DriftSum!CN10*TimeStep+Volatility!CM10*CM10*SQRT(TimeStep)*CN$49 -> 0.052455925 | CO10: =+CN10-CN10*Volatility!CN10*DriftSum!CO10*TimeStep+Volatility!CN10*CN10*SQRT(TimeStep)*CO$49 -> 0.050352527 | CP10: =+CO10-CO10*Volatility!CO10*DriftSum!CP10*TimeStep+Volatility!CO10*CO10*SQRT(TimeStep)*CP$49 -> 0.051102423 | CQ10: =+CP10-CP10*Volatility!CP10*DriftSum!CQ10*TimeStep+Volatility!CP10*CP10*SQRT(TimeStep)*CQ$49 -> 0.052491255 | CR10: =+CQ10-CQ10*Volatility!CQ10*DriftSum!CR10*TimeStep+Volatility!CQ10*CQ10*SQRT(TimeStep)*CR$49 -> 0.053782618 | ... DK10: =+DJ10-DJ10*Volatility!DJ10*DriftSum!DK10*TimeStep+Volatility!DJ10*DJ10*SQRT(TimeStep)*DK$49 -> 0.066295429
D11: =+D12+$E$3 -> 9 | E11: =+E12/(1+(D11-D12)*G11) -> 0.65621623 | F11: =+"L(t;"&D12&","&D11&")" -> L(t;8.75,9) | G11: 0.05 | H11: =+G11+G11*Volatility!G11*(-DriftSum!H11*TimeStep+SQRT(TimeStep)*H$49) -> 0.051024855 | I11: =+H11+H11*Volatility!H11*(-DriftSum!I11*TimeStep+SQRT(TimeStep)*I$49) -> 0.051093927 | J11: =+I11+I11*Volatility!I11*(-DriftSum!J11*TimeStep+SQRT(TimeStep)*J$49) -> 0.050102957 | K11: =+J11+J11*Volatility!J11*(-DriftSum!K11*TimeStep+SQRT(TimeStep)*K$49) -> 0.050449094 | L11: =+K11+K11*Volatility!K11*(-DriftSum!L11*TimeStep+SQRT(TimeStep)*L$49) -> 0.049336146 | M11: =+L11+L11*Volatility!L11*(-DriftSum!M11*TimeStep+SQRT(TimeStep)*M$49) -> 0.051690749 | N11: =+M11+M11*Volatility!M11*(-DriftSum!N11*TimeStep+SQRT(TimeStep)*N$49) -> 0.0513348 | O11: =+N11+N11*Volatility!N11*(-DriftSum!O11*TimeStep+SQRT(TimeStep)*O$49) -> 0.052696637 | ... CJ11: =+CI11+CI11*Volatility!CI11*(-DriftSum!CJ11*TimeStep+SQRT(TimeStep)*CJ$49) -> 0.053180135 | CK11: =+CJ11-CJ11*Volatility!CJ11*DriftSum!CK11*TimeStep+Volatility!CJ11*CJ11*SQRT(TimeStep)*CK$49 -> 0.052703258 | CL11: =+CK11-CK11*Volatility!CK11*DriftSum!CL11*TimeStep+Volatility!CK11*CK11*SQRT(TimeStep)*CL$49 -> 0.053816627 | CM11: =+CL11-CL11*Volatility!CL11*DriftSum!CM11*TimeStep+Volatility!CL11*CL11*SQRT(TimeStep)*CM$49 -> 0.053200872 | CN11: =+CM11-CM11*Volatility!CM11*DriftSum!CN11*TimeStep+Volatility!CM11*CM11*SQRT(TimeStep)*CN$49 -> 0.052467161 | CO11: =+CN11-CN11*Volatility!CN11*DriftSum!CO11*TimeStep+Volatility!CN11*CN11*SQRT(TimeStep)*CO$49 -> 0.050284042 | CP11: =+CO11-CO11*Volatility!CO11*DriftSum!CP11*TimeStep+Volatility!CO11*CO11*SQRT(TimeStep)*CP$49 -> 0.051060655 | CQ11: =+CP11-CP11*Volatility!CP11*DriftSum!CQ11*TimeStep+Volatility!CP11*CP11*SQRT(TimeStep)*CQ$49 -> 0.052500034 | CR11: =+CQ11-CQ11*Volatility!CQ11*DriftSum!CR11*TimeStep+Volatility!CQ11*CQ11*SQRT(TimeStep)*CR$49 -> 0.053839671 | ... DH11: =+DG11-DG11*Volatility!DG11*DriftSum!DH11*TimeStep+Volatility!DG11*DG11*SQRT(TimeStep)*DH$49 -> 0.066624939
D12: =+D13+$E$3 -> 8.75 | E12: =+E13/(1+(D12-D13)*G12) -> 0.66441893 | F12: =+"L(t;"&D13&","&D12&")" -> L(t;8.5,8.75) | G12: 0.05 | H12: =+G12+G12*Volatility!G12*(-DriftSum!H12*TimeStep+SQRT(TimeStep)*H$49) -> 0.051062462 | I12: =+H12+H12*Volatility!H12*(-DriftSum!I12*TimeStep+SQRT(TimeStep)*I$49) -> 0.051133741 | J12: =+I12+I12*Volatility!I12*(-DriftSum!J12*TimeStep+SQRT(TimeStep)*J$49) -> 0.050105769 | K12: =+J12+J12*Volatility!J12*(-DriftSum!K12*TimeStep+SQRT(TimeStep)*K$49) -> 0.050464068 | L12: =+K12+K12*Volatility!K12*(-DriftSum!L12*TimeStep+SQRT(TimeStep)*L$49) -> 0.049310177 | M12: =+L12+L12*Volatility!L12*(-DriftSum!M12*TimeStep+SQRT(TimeStep)*M$49) -> 0.051748244 | N12: =+M12+M12*Volatility!M12*(-DriftSum!N12*TimeStep+SQRT(TimeStep)*N$49) -> 0.051378627 | O12: =+N12+N12*Volatility!N12*(-DriftSum!O12*TimeStep+SQRT(TimeStep)*O$49) -> 0.052790505 | ... CJ12: =+CI12+CI12*Volatility!CI12*(-DriftSum!CJ12*TimeStep+SQRT(TimeStep)*CJ$49) -> 0.053212403 | CK12: =+CJ12-CJ12*Volatility!CJ12*DriftSum!CK12*TimeStep+Volatility!CJ12*CJ12*SQRT(TimeStep)*CK$49 -> 0.052717576 | CL12: =+CK12-CK12*Volatility!CK12*DriftSum!CL12*TimeStep+Volatility!CK12*CK12*SQRT(TimeStep)*CL$49 -> 0.053871092 | CM12: =+CL12-CL12*Volatility!CL12*DriftSum!CM12*TimeStep+Volatility!CL12*CL12*SQRT(TimeStep)*CM$49 -> 0.053232009 | CN12: =+CM12-CM12*Volatility!CM12*DriftSum!CN12*TimeStep+Volatility!CM12*CM12*SQRT(TimeStep)*CN$49 -> 0.052470918 | CO12: =+CN12-CN12*Volatility!CN12*DriftSum!CO12*TimeStep+Volatility!CN12*CN12*SQRT(TimeStep)*CO$49 -> 0.050208325 | CP12: =+CO12-CO12*Volatility!CO12*DriftSum!CP12*TimeStep+Volatility!CO12*CO12*SQRT(TimeStep)*CP$49 -> 0.051011427 | CQ12: =+CP12-CP12*Volatility!CP12*DriftSum!CQ12*TimeStep+Volatility!CP12*CP12*SQRT(TimeStep)*CQ$49 -> 0.052501011 | CR12: =+CQ12-CQ12*Volatility!CQ12*DriftSum!CR12*TimeStep+Volatility!CQ12*CQ12*SQRT(TimeStep)*CR$49 -> 0.05388869 | ... DE12: =+DD12-DD12*Volatility!DD12*DriftSum!DE12*TimeStep+Volatility!DD12*DD12*SQRT(TimeStep)*DE$49 -> 0.064777876
D13: =+D14+$E$3 -> 8.5 | E13: =+E14/(1+(D13-D14)*G13) -> 0.67272416 | F13: =+"L(t;"&D14&","&D13&")" -> L(t;8.25,8.5) | G13: 0.05 | H13: =+G13+G13*Volatility!G13*(-DriftSum!H13*TimeStep+SQRT(TimeStep)*H$49) -> 0.051100031 | I13: =+H13+H13*Volatility!H13*(-DriftSum!I13*TimeStep+SQRT(TimeStep)*I$49) -> 0.051173479 | J13: =+I13+I13*Volatility!I13*(-DriftSum!J13*TimeStep+SQRT(TimeStep)*J$49) -> 0.050108409 | K13: =+J13+J13*Volatility!J13*(-DriftSum!K13*TimeStep+SQRT(TimeStep)*K$49) -> 0.050478831 | L13: =+K13+K13*Volatility!K13*(-DriftSum!L13*TimeStep+SQRT(TimeStep)*L$49) -> 0.049283937 | M13: =+L13+L13*Volatility!L13*(-DriftSum!M13*TimeStep+SQRT(TimeStep)*M$49) -> 0.051805328 | N13: =+M13+M13*Volatility!M13*(-DriftSum!N13*TimeStep+SQRT(TimeStep)*N$49) -> 0.051421973 | O13: =+N13+N13*Volatility!N13*(-DriftSum!O13*TimeStep+SQRT(TimeStep)*O$49) -> 0.052883919 | ... CJ13: =+CI13+CI13*Volatility!CI13*(-DriftSum!CJ13*TimeStep+SQRT(TimeStep)*CJ$49) -> 0.053237186 | CK13: =+CJ13-CJ13*Volatility!CJ13*DriftSum!CK13*TimeStep+Volatility!CJ13*CJ13*SQRT(TimeStep)*CK$49 -> 0.052724413 | CL13: =+CK13-CK13*Volatility!CK13*DriftSum!CL13*TimeStep+Volatility!CK13*CK13*SQRT(TimeStep)*CL$49 -> 0.053917885 | CM13: =+CL13-CL13*Volatility!CL13*DriftSum!CM13*TimeStep+Volatility!CL13*CL13*SQRT(TimeStep)*CM$49 -> 0.053255478 | CN13: =+CM13-CM13*Volatility!CM13*DriftSum!CN13*TimeStep+Volatility!CM13*CM13*SQRT(TimeStep)*CN$49 -> 0.052467044 | CO13: =+CN13-CN13*Volatility!CN13*DriftSum!CO13*TimeStep+Volatility!CN13*CN13*SQRT(TimeStep)*CO$49 -> 0.050125263 | CP13: =+CO13-CO13*Volatility!CO13*DriftSum!CP13*TimeStep+Volatility!CO13*CO13*SQRT(TimeStep)*CP$49 -> 0.050954608 | CQ13: =+CP13-CP13*Volatility!CP13*DriftSum!CQ13*TimeStep+Volatility!CP13*CP13*SQRT(TimeStep)*CQ$49 -> 0.052494028 | CR13: =+CQ13-CQ13*Volatility!CQ13*DriftSum!CR13*TimeStep+Volatility!CQ13*CQ13*SQRT(TimeStep)*CR$49 -> 0.053929489 | ... DB13: =+DA13-DA13*Volatility!DA13*DriftSum!DB13*TimeStep+Volatility!DA13*DA13*SQRT(TimeStep)*DB$49 -> 0.062917972
D14: =+D15+$E$3 -> 8.25 | E14: =+E15/(1+(D14-D15)*G14) -> 0.68113322 | F14: =+"L(t;"&D15&","&D14&")" -> L(t;8,8.25) | G14: 0.05 | H14: =+G14+G14*Volatility!G14*(-DriftSum!H14*TimeStep+SQRT(TimeStep)*H$49) -> 0.051137561 | I14: =+H14+H14*Volatility!H14*(-DriftSum!I14*TimeStep+SQRT(TimeStep)*I$49) -> 0.051213137 | J14: =+I14+I14*Volatility!I14*(-DriftSum!J14*TimeStep+SQRT(TimeStep)*J$49) -> 0.050110871 | K14: =+J14+J14*Volatility!J14*(-DriftSum!K14*TimeStep+SQRT(TimeStep)*K$49) -> 0.050493375 | L14: =+K14+K14*Volatility!K14*(-DriftSum!L14*TimeStep+SQRT(TimeStep)*L$49) -> 0.049257419 | M14: =+L14+L14*Volatility!L14*(-DriftSum!M14*TimeStep+SQRT(TimeStep)*M$49) -> 0.051861989 | N14: =+M14+M14*Volatility!M14*(-DriftSum!N14*TimeStep+SQRT(TimeStep)*N$49) -> 0.051464826 | O14: =+N14+N14*Volatility!N14*(-DriftSum!O14*TimeStep+SQRT(TimeStep)*O$49) -> 0.052976865 | ... CJ14: =+CI14+CI14*Volatility!CI14*(-DriftSum!CJ14*TimeStep+SQRT(TimeStep)*CJ$49) -> 0.053254325 | CK14: =+CJ14-CJ14*Volatility!CJ14*DriftSum!CK14*TimeStep+Volatility!CJ14*CJ14*SQRT(TimeStep)*CK$49 -> 0.052723619 | CL14: =+CK14-CK14*Volatility!CK14*DriftSum!CL14*TimeStep+Volatility!CK14*CK14*SQRT(TimeStep)*CL$49 -> 0.053956835 | CM14: =+CL14-CL14*Volatility!CL14*DriftSum!CM14*TimeStep+Volatility!CL14*CL14*SQRT(TimeStep)*CM$49 -> 0.053271115 | CN14: =+CM14-CM14*Volatility!CM14*DriftSum!CN14*TimeStep+Volatility!CM14*CM14*SQRT(TimeStep)*CN$49 -> 0.052455387 | CO14: =+CN14-CN14*Volatility!CN14*DriftSum!CO14*TimeStep+Volatility!CN14*CN14*SQRT(TimeStep)*CO$49 -> 0.050034744 | CP14: =+CO14-CO14*Volatility!CO14*DriftSum!CP14*TimeStep+Volatility!CO14*CO14*SQRT(TimeStep)*CP$49 -> 0.050890074 | CQ14: =+CP14-CP14*Volatility!CP14*DriftSum!CQ14*TimeStep+Volatility!CP14*CP14*SQRT(TimeStep)*CQ$49 -> 0.052478932 | CR14: =+CQ14-CQ14*Volatility!CQ14*DriftSum!CR14*TimeStep+Volatility!CQ14*CQ14*SQRT(TimeStep)*CR$49 -> 0.05396189 | ... CY14: =+CX14-CX14*Volatility!CX14*DriftSum!CY14*TimeStep+Volatility!CX14*CX14*SQRT(TimeStep)*CY$49 -> 0.060547842
D15: =+D16+$E$3 -> 8 | E15: =+E16/(1+(D15-D16)*G15) -> 0.68964738 | F15: =+"L(t;"&D16&","&D15&")" -> L(t;7.75,8) | G15: 0.05 | H15: =+G15+G15*Volatility!G15*(-DriftSum!H15*TimeStep+SQRT(TimeStep)*H$49) -> 0.051175049 | I15: =+H15+H15*Volatility!H15*(-DriftSum!I15*TimeStep+SQRT(TimeStep)*I$49) -> 0.051252714 | J15: =+I15+I15*Volatility!I15*(-DriftSum!J15*TimeStep+SQRT(TimeStep)*J$49) -> 0.050113153 | K15: =+J15+J15*Volatility!J15*(-DriftSum!K15*TimeStep+SQRT(TimeStep)*K$49) -> 0.050507696 | L15: =+K15+K15*Volatility!K15*(-DriftSum!L15*TimeStep+SQRT(TimeStep)*L$49) -> 0.049230616 | M15: =+L15+L15*Volatility!L15*(-DriftSum!M15*TimeStep+SQRT(TimeStep)*M$49) -> 0.051918218 | N15: =+M15+M15*Volatility!M15*(-DriftSum!N15*TimeStep+SQRT(TimeStep)*N$49) -> 0.051507176 | O15: =+N15+N15*Volatility!N15*(-DriftSum!O15*TimeStep+SQRT(TimeStep)*O$49) -> 0.053069329 | ... CJ15: =+CI15+CI15*Volatility!CI15*(-DriftSum!CJ15*TimeStep+SQRT(TimeStep)*CJ$49) -> 0.053263664 | CK15: =+CJ15-CJ15*Volatility!CJ15*DriftSum!CK15*TimeStep+Volatility!CJ15*CJ15*SQRT(TimeStep)*CK$49 -> 0.052715047 | CL15: =+CK15-CK15*Volatility!CK15*DriftSum!CL15*TimeStep+Volatility!CK15*CK15*SQRT(TimeStep)*CL$49 -> 0.053987769 | CM15: =+CL15-CL15*Volatility!CL15*DriftSum!CM15*TimeStep+Volatility!CL15*CL15*SQRT(TimeStep)*CM$49 -> 0.05327876 | CN15: =+CM15-CM15*Volatility!CM15*DriftSum!CN15*TimeStep+Volatility!CM15*CM15*SQRT(TimeStep)*CN$49 -> 0.052435801 | CO15: =+CN15-CN15*Volatility!CN15*DriftSum!CO15*TimeStep+Volatility!CN15*CN15*SQRT(TimeStep)*CO$49 -> 0.049936663 | CP15: =+CO15-CO15*Volatility!CO15*DriftSum!CP15*TimeStep+Volatility!CO15*CO15*SQRT(TimeStep)*CP$49 -> 0.050817704 | CQ15: =+CP15-CP15*Volatility!CP15*DriftSum!CQ15*TimeStep+Volatility!CP15*CP15*SQRT(TimeStep)*CQ$49 -> 0.052455574 | CR15: =+CQ15-CQ15*Volatility!CQ15*DriftSum!CR15*TimeStep+Volatility!CQ15*CQ15*SQRT(TimeStep)*CR$49 -> 0.053985713 | ... CV15: =+CU15-CU15*Volatility!CU15*DriftSum!CV15*TimeStep+Volatility!CU15*CU15*SQRT(TimeStep)*CV$49 -> 0.056278602
D16: =+D17+$E$3 -> 7.75 | E16: =+E17/(1+(D16-D17)*G16) -> 0.69826797 | F16: =+"L(t;"&D17&","&D16&")" -> L(t;7.5,7.75) | G16: 0.05 | H16: =+G16+G16*Volatility!G16*(-DriftSum!H16*TimeStep+SQRT(TimeStep)*H$49) -> 0.051212495 | I16: =+H16+H16*Volatility!H16*(-DriftSum!I16*TimeStep+SQRT(TimeStep)*I$49) -> 0.051292205 | J16: =+I16+I16*Volatility!I16*(-DriftSum!J16*TimeStep+SQRT(TimeStep)*J$49) -> 0.050115249 | K16: =+J16+J16*Volatility!J16*(-DriftSum!K16*TimeStep+SQRT(TimeStep)*K$49) -> 0.050521787 | L16: =+K16+K16*Volatility!K16*(-DriftSum!L16*TimeStep+SQRT(TimeStep)*L$49) -> 0.049203522 | M16: =+L16+L16*Volatility!L16*(-DriftSum!M16*TimeStep+SQRT(TimeStep)*M$49) -> 0.051974006 | N16: =+M16+M16*Volatility!M16*(-DriftSum!N16*TimeStep+SQRT(TimeStep)*N$49) -> 0.051549011 | O16: =+N16+N16*Volatility!N16*(-DriftSum!O16*TimeStep+SQRT(TimeStep)*O$49) -> 0.053161295 | ... CJ16: =+CI16+CI16*Volatility!CI16*(-DriftSum!CJ16*TimeStep+SQRT(TimeStep)*CJ$49) -> 0.05326505 | CK16: =+CJ16-CJ16*Volatility!CJ16*DriftSum!CK16*TimeStep+Volatility!CJ16*CJ16*SQRT(TimeStep)*CK$49 -> 0.05269855 | CL16: =+CK16-CK16*Volatility!CK16*DriftSum!CL16*TimeStep+Volatility!CK16*CK16*SQRT(TimeStep)*CL$49 -> 0.054010521 | CM16: =+CL16-CL16*Volatility!CL16*DriftSum!CM16*TimeStep+Volatility!CL16*CL16*SQRT(TimeStep)*CM$49 -> 0.053278255 | CN16: =+CM16-CM16*Volatility!CM16*DriftSum!CN16*TimeStep+Volatility!CM16*CM16*SQRT(TimeStep)*CN$49 -> 0.052408142 | CO16: =+CN16-CN16*Volatility!CN16*DriftSum!CO16*TimeStep+Volatility!CN16*CN16*SQRT(TimeStep)*CO$49 -> 0.049830918 | CP16: =+CO16-CO16*Volatility!CO16*DriftSum!CP16*TimeStep+Volatility!CO16*CO16*SQRT(TimeStep)*CP$49 -> 0.050737379 | CQ16: =+CP16-CP16*Volatility!CP16*DriftSum!CQ16*TimeStep+Volatility!CP16*CP16*SQRT(TimeStep)*CQ$49 -> 0.052423808 | CR16: =+CQ16-CQ16*Volatility!CQ16*DriftSum!CR16*TimeStep+Volatility!CQ16*CQ16*SQRT(TimeStep)*CR$49 -> 0.054000784 | CS16: =+CR16-CR16*Volatility!CR16*DriftSum!CS16*TimeStep+Volatility!CR16*CR16*SQRT(TimeStep)*CS$49 -> 0.054747088
D17: =+D18+$E$3 -> 7.5 | E17: =+E18/(1+(D17-D18)*G17) -> 0.70699632 | F17: =+"L(t;"&D18&","&D17&")" -> L(t;7.25,7.5) | G17: 0.05 | H17: =+G17+G17*Volatility!G17*(-DriftSum!H17*TimeStep+SQRT(TimeStep)*H$49) -> 0.051249896 | I17: =+H17+H17*Volatility!H17*(-DriftSum!I17*TimeStep+SQRT(TimeStep)*I$49) -> 0.051331608 | J17: =+I17+I17*Volatility!I17*(-DriftSum!J17*TimeStep+SQRT(TimeStep)*J$49) -> 0.050117155 | K17: =+J17+J17*Volatility!J17*(-DriftSum!K17*TimeStep+SQRT(TimeStep)*K$49) -> 0.050535643 | L17: =+K17+K17*Volatility!K17*(-DriftSum!L17*TimeStep+SQRT(TimeStep)*L$49) -> 0.04917613 | M17: =+L17+L17*Volatility!L17*(-DriftSum!M17*TimeStep+SQRT(TimeStep)*M$49) -> 0.052029342 | N17: =+M17+M17*Volatility!M17*(-DriftSum!N17*TimeStep+SQRT(TimeStep)*N$49) -> 0.05159032 | O17: =+N17+N17*Volatility!N17*(-DriftSum!O17*TimeStep+SQRT(TimeStep)*O$49) -> 0.053252751 | ... CJ17: =+CI17+CI17*Volatility!CI17*(-DriftSum!CJ17*TimeStep+SQRT(TimeStep)*CJ$49) -> 0.053258333 | CK17: =+CJ17-CJ17*Volatility!CJ17*DriftSum!CK17*TimeStep+Volatility!CJ17*CJ17*SQRT(TimeStep)*CK$49 -> 0.052673988 | CL17: =+CK17-CK17*Volatility!CK17*DriftSum!CL17*TimeStep+Volatility!CK17*CK17*SQRT(TimeStep)*CL$49 -> 0.054024926 | CM17: =+CL17-CL17*Volatility!CL17*DriftSum!CM17*TimeStep+Volatility!CL17*CL17*SQRT(TimeStep)*CM$49 -> 0.053269449 | CN17: =+CM17-CM17*Volatility!CM17*DriftSum!CN17*TimeStep+Volatility!CM17*CM17*SQRT(TimeStep)*CN$49 -> 0.05237227 | CO17: =+CN17-CN17*Volatility!CN17*DriftSum!CO17*TimeStep+Volatility!CN17*CN17*SQRT(TimeStep)*CO$49 -> 0.049717411 | CP17: =+CO17-CO17*Volatility!CO17*DriftSum!CP17*TimeStep+Volatility!CO17*CO17*SQRT(TimeStep)*CP$49 -> 0.050648989
D18: =+D19+$E$3 -> 7.25 | E18: =+E19/(1+(D18-D19)*G18) -> 0.71583378 | F18: =+"L(t;"&D19&","&D18&")" -> L(t;7,7.25) | G18: 0.05 | H18: =+G18+G18*Volatility!G18*(-DriftSum!H18*TimeStep+SQRT(TimeStep)*H$49) -> 0.051287252 | I18: =+H18+H18*Volatility!H18*(-DriftSum!I18*TimeStep+SQRT(TimeStep)*I$49) -> 0.05137092 | J18: =+I18+I18*Volatility!I18*(-DriftSum!J18*TimeStep+SQRT(TimeStep)*J$49) -> 0.050118867 | K18: =+J18+J18*Volatility!J18*(-DriftSum!K18*TimeStep+SQRT(TimeStep)*K$49) -> 0.050549257 | L18: =+K18+K18*Volatility!K18*(-DriftSum!L18*TimeStep+SQRT(TimeStep)*L$49) -> 0.049148433 | M18: =+L18+L18*Volatility!L18*(-DriftSum!M18*TimeStep+SQRT(TimeStep)*M$49) -> 0.052084217 | N18: =+M18+M18*Volatility!M18*(-DriftSum!N18*TimeStep+SQRT(TimeStep)*N$49) -> 0.051631093 | O18: =+N18+N18*Volatility!N18*(-DriftSum!O18*TimeStep+SQRT(TimeStep)*O$49) -> 0.053343679 | ... CJ18: =+CI18+CI18*Volatility!CI18*(-DriftSum!CJ18*TimeStep+SQRT(TimeStep)*CJ$49) -> 0.053243367 | CK18: =+CJ18-CJ18*Volatility!CJ18*DriftSum!CK18*TimeStep+Volatility!CJ18*CJ18*SQRT(TimeStep)*CK$49 -> 0.052641222 | CL18: =+CK18-CK18*Volatility!CK18*DriftSum!CL18*TimeStep+Volatility!CK18*CK18*SQRT(TimeStep)*CL$49 -> 0.054030822 | CM18: =+CL18-CL18*Volatility!CL18*DriftSum!CM18*TimeStep+Volatility!CL18*CL18*SQRT(TimeStep)*CM$49 -> 0.05325219
D19: =+D20+$E$3 -> 7 | E19: =+E20/(1+(D19-D20)*G19) -> 0.7247817 | F19: =+"L(t;"&D20&","&D19&")" -> L(t;6.75,7) | G19: 0.05 | H19: =+G19+G19*Volatility!G19*(-DriftSum!H19*TimeStep+SQRT(TimeStep)*H$49) -> 0.051324562 | I19: =+H19+H19*Volatility!H19*(-DriftSum!I19*TimeStep+SQRT(TimeStep)*I$49) -> 0.051410138 | J19: =+I19+I19*Volatility!I19*(-DriftSum!J19*TimeStep+SQRT(TimeStep)*J$49) -> 0.05012038 | K19: =+J19+J19*Volatility!J19*(-DriftSum!K19*TimeStep+SQRT(TimeStep)*K$49) -> 0.050562623 | L19: =+K19+K19*Volatility!K19*(-DriftSum!L19*TimeStep+SQRT(TimeStep)*L$49) -> 0.049120425 | M19: =+L19+L19*Volatility!L19*(-DriftSum!M19*TimeStep+SQRT(TimeStep)*M$49) -> 0.05213862 | N19: =+M19+M19*Volatility!M19*(-DriftSum!N19*TimeStep+SQRT(TimeStep)*N$49) -> 0.051671317 | O19: =+N19+N19*Volatility!N19*(-DriftSum!O19*TimeStep+SQRT(TimeStep)*O$49) -> 0.053434067 | ... CJ19: =+CI19+CI19*Volatility!CI19*(-DriftSum!CJ19*TimeStep+SQRT(TimeStep)*CJ$49) -> 0.05322001
D20: =+D21+$E$3 -> 6.75 | E20: =+E21/(1+(D20-D21)*G20) -> 0.73384147 | F20: =+"L(t;"&D21&","&D20&")" -> L(t;6.5,6.75) | G20: 0.05 | H20: =+G20+G20*Volatility!G20*(-DriftSum!H20*TimeStep+SQRT(TimeStep)*H$49) -> 0.051361823 | I20: =+H20+H20*Volatility!H20*(-DriftSum!I20*TimeStep+SQRT(TimeStep)*I$49) -> 0.051449259 | J20: =+I20+I20*Volatility!I20*(-DriftSum!J20*TimeStep+SQRT(TimeStep)*J$49) -> 0.05012169 | K20: =+J20+J20*Volatility!J20*(-DriftSum!K20*TimeStep+SQRT(TimeStep)*K$49) -> 0.050575736 | L20: =+K20+K20*Volatility!K20*(-DriftSum!L20*TimeStep+SQRT(TimeStep)*L$49) -> 0.049092098 | M20: =+L20+L20*Volatility!L20*(-DriftSum!M20*TimeStep+SQRT(TimeStep)*M$49) -> 0.052192543 | N20: =+M20+M20*Volatility!M20*(-DriftSum!N20*TimeStep+SQRT(TimeStep)*N$49) -> 0.051710982 | O20: =+N20+N20*Volatility!N20*(-DriftSum!O20*TimeStep+SQRT(TimeStep)*O$49) -> 0.053523899 | ... CG20: =+CF20+CF20*Volatility!CF20*(-DriftSum!CG20*TimeStep+SQRT(TimeStep)*CG$49) -> 0.056782317
D21: =+D22+$E$3 -> 6.5 | E21: =+E22/(1+(D21-D22)*G21) -> 0.74301449 | F21: =+"L(t;"&D22&","&D21&")" -> L(t;6.25,6.5) | G21: 0.05 | H21: =+G21+G21*Volatility!G21*(-DriftSum!H21*TimeStep+SQRT(TimeStep)*H$49) -> 0.051399035 | I21: =+H21+H21*Volatility!H21*(-DriftSum!I21*TimeStep+SQRT(TimeStep)*I$49) -> 0.051488279 | J21: =+I21+I21*Volatility!I21*(-DriftSum!J21*TimeStep+SQRT(TimeStep)*J$49) -> 0.050122792 | K21: =+J21+J21*Volatility!J21*(-DriftSum!K21*TimeStep+SQRT(TimeStep)*K$49) -> 0.050588589 | L21: =+K21+K21*Volatility!K21*(-DriftSum!L21*TimeStep+SQRT(TimeStep)*L$49) -> 0.049063447 | M21: =+L21+L21*Volatility!L21*(-DriftSum!M21*TimeStep+SQRT(TimeStep)*M$49) -> 0.052245974 | N21: =+M21+M21*Volatility!M21*(-DriftSum!N21*TimeStep+SQRT(TimeStep)*N$49) -> 0.051750076 | O21: =+N21+N21*Volatility!N21*(-DriftSum!O21*TimeStep+SQRT(TimeStep)*O$49) -> 0.053613161 | ... CD21: =+CC21+CC21*Volatility!CC21*(-DriftSum!CD21*TimeStep+SQRT(TimeStep)*CD$49) -> 0.056339516
D22: =+D23+$E$3 -> 6.25 | E22: =+E23/(1+(D22-D23)*G22) -> 0.75230217 | F22: =+"L(t;"&D23&","&D22&")" -> L(t;6,6.25) | G22: 0.05 | H22: =+G22+G22*Volatility!G22*(-DriftSum!H22*TimeStep+SQRT(TimeStep)*H$49) -> 0.051436196 | I22: =+H22+H22*Volatility!H22*(-DriftSum!I22*TimeStep+SQRT(TimeStep)*I$49) -> 0.051527196 | J22: =+I22+I22*Volatility!I22*(-DriftSum!J22*TimeStep+SQRT(TimeStep)*J$49) -> 0.050123682 | K22: =+J22+J22*Volatility!J22*(-DriftSum!K22*TimeStep+SQRT(TimeStep)*K$49) -> 0.050601177 | L22: =+K22+K22*Volatility!K22*(-DriftSum!L22*TimeStep+SQRT(TimeStep)*L$49) -> 0.049034465 | M22: =+L22+L22*Volatility!L22*(-DriftSum!M22*TimeStep+SQRT(TimeStep)*M$49) -> 0.052298904 | N22: =+M22+M22*Volatility!M22*(-DriftSum!N22*TimeStep+SQRT(TimeStep)*N$49) -> 0.051788589 | O22: =+N22+N22*Volatility!N22*(-DriftSum!O22*TimeStep+SQRT(TimeStep)*O$49) -> 0.053701837 | ... CA22: =+BZ22+BZ22*Volatility!BZ22*(-DriftSum!CA22*TimeStep+SQRT(TimeStep)*CA$49) -> 0.054338475
D23: =+D24+$E$3 -> 6 | E23: =+E24/(1+(D23-D24)*G23) -> 0.76170595 | F23: =+"L(t;"&D24&","&D23&")" -> L(t;5.75,6) | G23: 0.0496875 | H23: =+G23+G23*Volatility!G23*(-DriftSum!H23*TimeStep+SQRT(TimeStep)*H$49) -> 0.051151596 | I23: =+H23+H23*Volatility!H23*(-DriftSum!I23*TimeStep+SQRT(TimeStep)*I$49) -> 0.051243719 | J23: =+I23+I23*Volatility!I23*(-DriftSum!J23*TimeStep+SQRT(TimeStep)*J$49) -> 0.049811079 | K23: =+J23+J23*Volatility!J23*(-DriftSum!K23*TimeStep+SQRT(TimeStep)*K$49) -> 0.050297159 | L23: =+K23+K23*Volatility!K23*(-DriftSum!L23*TimeStep+SQRT(TimeStep)*L$49) -> 0.048698862 | M23: =+L23+L23*Volatility!L23*(-DriftSum!M23*TimeStep+SQRT(TimeStep)*M$49) -> 0.052024128 | N23: =+M23+M23*Volatility!M23*(-DriftSum!N23*TimeStep+SQRT(TimeStep)*N$49) -> 0.051502593 | O23: =+N23+N23*Volatility!N23*(-DriftSum!O23*TimeStep+SQRT(TimeStep)*O$49) -> 0.053453725 | ... BX23: =+BW23+BW23*Volatility!BW23*(-DriftSum!BX23*TimeStep+SQRT(TimeStep)*BX$49) -> 0.051670359
D24: =+D25+$E$3 -> 5.75 | E24: =+E25/(1+(D24-D25)*G24) -> 0.77116776 | F24: =+"L(t;"&D25&","&D24&")" -> L(t;5.5,5.75) | G24: 0.049375 | H24: =+G24+G24*Volatility!G24*(-DriftSum!H24*TimeStep+SQRT(TimeStep)*H$49) -> 0.050866484 | I24: =+H24+H24*Volatility!H24*(-DriftSum!I24*TimeStep+SQRT(TimeStep)*I$49) -> 0.050959659 | J24: =+I24+I24*Volatility!I24*(-DriftSum!J24*TimeStep+SQRT(TimeStep)*J$49) -> 0.049498264 | K24: =+J24+J24*Volatility!J24*(-DriftSum!K24*TimeStep+SQRT(TimeStep)*K$49) -> 0.049992731 | L24: =+K24+K24*Volatility!K24*(-DriftSum!L24*TimeStep+SQRT(TimeStep)*L$49) -> 0.048363307 | M24: =+L24+L24*Volatility!L24*(-DriftSum!M24*TimeStep+SQRT(TimeStep)*M$49) -> 0.05174821 | N24: =+M24+M24*Volatility!M24*(-DriftSum!N24*TimeStep+SQRT(TimeStep)*N$49) -> 0.051215559 | O24: =+N24+N24*Volatility!N24*(-DriftSum!O24*TimeStep+SQRT(TimeStep)*O$49) -> 0.053203943 | ... BU24: =+BT24+BT24*Volatility!BT24*(-DriftSum!BU24*TimeStep+SQRT(TimeStep)*BU$49) -> 0.053759623
D25: =+D26+$E$3 -> 5.5 | E25: =+E26/(1+(D25-D26)*G25) -> 0.78068687 | F25: =+"L(t;"&D26&","&D25&")" -> L(t;5.25,5.5) | G25: 0.0490625 | H25: =+G25+G25*Volatility!G25*(-DriftSum!H25*TimeStep+SQRT(TimeStep)*H$49) -> 0.050580859 | I25: =+H25+H25*Volatility!H25*(-DriftSum!I25*TimeStep+SQRT(TimeStep)*I$49) -> 0.050675014 | J25: =+I25+I25*Volatility!I25*(-DriftSum!J25*TimeStep+SQRT(TimeStep)*J$49) -> 0.049185236 | K25: =+J25+J25*Volatility!J25*(-DriftSum!K25*TimeStep+SQRT(TimeStep)*K$49) -> 0.049687895 | L25: =+K25+K25*Volatility!K25*(-DriftSum!L25*TimeStep+SQRT(TimeStep)*L$49) -> 0.048027804 | M25: =+L25+L25*Volatility!L25*(-DriftSum!M25*TimeStep+SQRT(TimeStep)*M$49) -> 0.051471154 | N25: =+M25+M25*Volatility!M25*(-DriftSum!N25*TimeStep+SQRT(TimeStep)*N$49) -> 0.050927491 | O25: =+N25+N25*Volatility!N25*(-DriftSum!O25*TimeStep+SQRT(TimeStep)*O$49) -> 0.052952493 | ... BR25: =+BQ25+BQ25*Volatility!BQ25*(-DriftSum!BR25*TimeStep+SQRT(TimeStep)*BR$49) -> 0.062595696
D26: =+D27+$E$3 -> 5.25 | E26: =+E27/(1+(D26-D27)*G26) -> 0.79026248 | F26: =+"L(t;"&D27&","&D26&")" -> L(t;5,5.25) | G26: 0.04875 | H26: =+G26+G26*Volatility!G26*(-DriftSum!H26*TimeStep+SQRT(TimeStep)*H$49) -> 0.050294723 | I26: =+H26+H26*Volatility!H26*(-DriftSum!I26*TimeStep+SQRT(TimeStep)*I$49) -> 0.050389785 | J26: =+I26+I26*Volatility!I26*(-DriftSum!J26*TimeStep+SQRT(TimeStep)*J$49) -> 0.048871999 | K26: =+J26+J26*Volatility!J26*(-DriftSum!K26*TimeStep+SQRT(TimeStep)*K$49) -> 0.049382652 | L26: =+K26+K26*Volatility!K26*(-DriftSum!L26*TimeStep+SQRT(TimeStep)*L$49) -> 0.047692354 | M26: =+L26+L26*Volatility!L26*(-DriftSum!M26*TimeStep+SQRT(TimeStep)*M$49) -> 0.051192963 | N26: =+M26+M26*Volatility!M26*(-DriftSum!N26*TimeStep+SQRT(TimeStep)*N$49) -> 0.050638394 | O26: =+N26+N26*Volatility!N26*(-DriftSum!O26*TimeStep+SQRT(TimeStep)*O$49) -> 0.052699376 | ... BO26: =+BN26+BN26*Volatility!BN26*(-DriftSum!BO26*TimeStep+SQRT(TimeStep)*BO$49) -> 0.058841195
D27: =+D28+$E$3 -> 5 | E27: =+E28/(1+(D27-D28)*G27) -> 0.7998938 | F27: =+"L(t;"&D28&","&D27&")" -> L(t;4.75,5) | G27: 0.0484375 | H27: =+G27+G27*Volatility!G27*(-DriftSum!H27*TimeStep+SQRT(TimeStep)*H$49) -> 0.050008074 | I27: =+H27+H27*Volatility!H27*(-DriftSum!I27*TimeStep+SQRT(TimeStep)*I$49) -> 0.050103973 | J27: =+I27+I27*Volatility!I27*(-DriftSum!J27*TimeStep+SQRT(TimeStep)*J$49) -> 0.048558554 | K27: =+J27+J27*Volatility!J27*(-DriftSum!K27*TimeStep+SQRT(TimeStep)*K$49) -> 0.049077004 | L27: =+K27+K27*Volatility!K27*(-DriftSum!L27*TimeStep+SQRT(TimeStep)*L$49) -> 0.04735696 | M27: =+L27+L27*Volatility!L27*(-DriftSum!M27*TimeStep+SQRT(TimeStep)*M$49) -> 0.05091364 | N27: =+M27+M27*Volatility!M27*(-DriftSum!N27*TimeStep+SQRT(TimeStep)*N$49) -> 0.050348271 | O27: =+N27+N27*Volatility!N27*(-DriftSum!O27*TimeStep+SQRT(TimeStep)*O$49) -> 0.052444594 | ... BL27: =+BK27+BK27*Volatility!BK27*(-DriftSum!BL27*TimeStep+SQRT(TimeStep)*BL$49) -> 0.058296583
D28: =+D29+$E$3 -> 4.75 | E28: =+E29/(1+(D28-D29)*G28) -> 0.80958002 | F28: =+"L(t;"&D29&","&D28&")" -> L(t;4.5,4.75) | G28: 0.048125 | H28: =+G28+G28*Volatility!G28*(-DriftSum!H28*TimeStep+SQRT(TimeStep)*H$49) -> 0.049720913 | I28: =+H28+H28*Volatility!H28*(-DriftSum!I28*TimeStep+SQRT(TimeStep)*I$49) -> 0.049817578 | J28: =+I28+I28*Volatility!I28*(-DriftSum!J28*TimeStep+SQRT(TimeStep)*J$49) -> 0.048244902 | K28: =+J28+J28*Volatility!J28*(-DriftSum!K28*TimeStep+SQRT(TimeStep)*K$49) -> 0.048770953 | L28: =+K28+K28*Volatility!K28*(-DriftSum!L28*TimeStep+SQRT(TimeStep)*L$49) -> 0.047021626 | M28: =+L28+L28*Volatility!L28*(-DriftSum!M28*TimeStep+SQRT(TimeStep)*M$49) -> 0.05063319 | N28: =+M28+M28*Volatility!M28*(-DriftSum!N28*TimeStep+SQRT(TimeStep)*N$49) -> 0.050057129 | O28: =+N28+N28*Volatility!N28*(-DriftSum!O28*TimeStep+SQRT(TimeStep)*O$49) -> 0.052188148 | ... BI28: =+BH28+BH28*Volatility!BH28*(-DriftSum!BI28*TimeStep+SQRT(TimeStep)*BI$49) -> 0.053480816
D29: =+D30+$E$3 -> 4.5 | E29: =+E30/(1+(D29-D30)*G29) -> 0.81932028 | F29: =+"L(t;"&D30&","&D29&")" -> L(t;4.25,4.5) | G29: 0.0478125 | H29: =+G29+G29*Volatility!G29*(-DriftSum!H29*TimeStep+SQRT(TimeStep)*H$49) -> 0.049433242 | I29: =+H29+H29*Volatility!H29*(-DriftSum!I29*TimeStep+SQRT(TimeStep)*I$49) -> 0.0495306 | J29: =+I29+I29*Volatility!I29*(-DriftSum!J29*TimeStep+SQRT(TimeStep)*J$49) -> 0.047931044 | K29: =+J29+J29*Volatility!J29*(-DriftSum!K29*TimeStep+SQRT(TimeStep)*K$49) -> 0.0484645 | L29: =+K29+K29*Volatility!K29*(-DriftSum!L29*TimeStep+SQRT(TimeStep)*L$49) -> 0.046686354 | M29: =+L29+L29*Volatility!L29*(-DriftSum!M29*TimeStep+SQRT(TimeStep)*M$49) -> 0.050351617 | N29: =+M29+M29*Volatility!M29*(-DriftSum!N29*TimeStep+SQRT(TimeStep)*N$49) -> 0.049764971 | O29: =+N29+N29*Volatility!N29*(-DriftSum!O29*TimeStep+SQRT(TimeStep)*O$49) -> 0.051930043 | ... BF29: =+BE29+BE29*Volatility!BE29*(-DriftSum!BF29*TimeStep+SQRT(TimeStep)*BF$49) -> 0.056438927
D30: =+D31+$E$3 -> 4.25 | E30: =+E31/(1+(D30-D31)*G30) -> 0.82911371 | F30: =+"L(t;"&D31&","&D30&")" -> L(t;4,4.25) | G30: 0.0475 | H30: =+G30+G30*Volatility!G30*(-DriftSum!H30*TimeStep+SQRT(TimeStep)*H$49) -> 0.049145058 | I30: =+H30+H30*Volatility!H30*(-DriftSum!I30*TimeStep+SQRT(TimeStep)*I$49) -> 0.049243039 | J30: =+I30+I30*Volatility!I30*(-DriftSum!J30*TimeStep+SQRT(TimeStep)*J$49) -> 0.047616984 | K30: =+J30+J30*Volatility!J30*(-DriftSum!K30*TimeStep+SQRT(TimeStep)*K$49) -> 0.048157648 | L30: =+K30+K30*Volatility!K30*(-DriftSum!L30*TimeStep+SQRT(TimeStep)*L$49) -> 0.046351149 | M30: =+L30+L30*Volatility!L30*(-DriftSum!M30*TimeStep+SQRT(TimeStep)*M$49) -> 0.050068925 | N30: =+M30+M30*Volatility!M30*(-DriftSum!N30*TimeStep+SQRT(TimeStep)*N$49) -> 0.049471803 | O30: =+N30+N30*Volatility!N30*(-DriftSum!O30*TimeStep+SQRT(TimeStep)*O$49) -> 0.05167028 | ... BC30: =+BB30+BB30*Volatility!BB30*(-DriftSum!BC30*TimeStep+SQRT(TimeStep)*BC$49) -> 0.061707678
D31: =+D32+$E$3 -> 4 | E31: =+E32/(1+(D31-D32)*G31) -> 0.83895944 | F31: =+"L(t;"&D32&","&D31&")" -> L(t;3.75,4) | G31: 0.0471875 | H31: =+G31+G31*Volatility!G31*(-DriftSum!H31*TimeStep+SQRT(TimeStep)*H$49) -> 0.048856365 | I31: =+H31+H31*Volatility!H31*(-DriftSum!I31*TimeStep+SQRT(TimeStep)*I$49) -> 0.048954897 | J31: =+I31+I31*Volatility!I31*(-DriftSum!J31*TimeStep+SQRT(TimeStep)*J$49) -> 0.047302723 | K31: =+J31+J31*Volatility!J31*(-DriftSum!K31*TimeStep+SQRT(TimeStep)*K$49) -> 0.0478504 | L31: =+K31+K31*Volatility!K31*(-DriftSum!L31*TimeStep+SQRT(TimeStep)*L$49) -> 0.046016012 | M31: =+L31+L31*Volatility!L31*(-DriftSum!M31*TimeStep+SQRT(TimeStep)*M$49) -> 0.049785119 | N31: =+M31+M31*Volatility!M31*(-DriftSum!N31*TimeStep+SQRT(TimeStep)*N$49) -> 0.049177632 | O31: =+N31+N31*Volatility!N31*(-DriftSum!O31*TimeStep+SQRT(TimeStep)*O$49) -> 0.051408864 | ... AZ31: =+AY31+AY31*Volatility!AY31*(-DriftSum!AZ31*TimeStep+SQRT(TimeStep)*AZ$49) -> 0.059219806
D32: =+D33+$E$3 -> 3.75 | E32: =+E33/(1+(D32-D33)*G32) -> 0.84885654 | F32: =+"L(t;"&D33&","&D32&")" -> L(t;3.5,3.75) | G32: 0.046875 | H32: =+G32+G32*Volatility!G32*(-DriftSum!H32*TimeStep+SQRT(TimeStep)*H$49) -> 0.04856716 | I32: =+H32+H32*Volatility!H32*(-DriftSum!I32*TimeStep+SQRT(TimeStep)*I$49) -> 0.048666173 | J32: =+I32+I32*Volatility!I32*(-DriftSum!J32*TimeStep+SQRT(TimeStep)*J$49) -> 0.046988263 | K32: =+J32+J32*Volatility!J32*(-DriftSum!K32*TimeStep+SQRT(TimeStep)*K$49) -> 0.047542757 | L32: =+K32+K32*Volatility!K32*(-DriftSum!L32*TimeStep+SQRT(TimeStep)*L$49) -> 0.045680949 | M32: =+L32+L32*Volatility!L32*(-DriftSum!M32*TimeStep+SQRT(TimeStep)*M$49) -> 0.049500204 | N32: =+M32+M32*Volatility!M32*(-DriftSum!N32*TimeStep+SQRT(TimeStep)*N$49) -> 0.048882463 | O32: =+N32+N32*Volatility!N32*(-DriftSum!O32*TimeStep+SQRT(TimeStep)*O$49) -> 0.051145798 | ... AW32: =+AV32+AV32*Volatility!AV32*(-DriftSum!AW32*TimeStep+SQRT(TimeStep)*AW$49) -> 0.058277735
D33: =+D34+$E$3 -> 3.5 | E33: =+E34/(1+(D33-D34)*G33) -> 0.85880408 | F33: =+"L(t;"&D34&","&D33&")" -> L(t;3.25,3.5) | G33: 0.0465625 | H33: =+G33+G33*Volatility!G33*(-DriftSum!H33*TimeStep+SQRT(TimeStep)*H$49) -> 0.048277446 | I33: =+H33+H33*Volatility!H33*(-DriftSum!I33*TimeStep+SQRT(TimeStep)*I$49) -> 0.048376869 | J33: =+I33+I33*Volatility!I33*(-DriftSum!J33*TimeStep+SQRT(TimeStep)*J$49) -> 0.046673607 | K33: =+J33+J33*Volatility!J33*(-DriftSum!K33*TimeStep+SQRT(TimeStep)*K$49) -> 0.047234722 | L33: =+K33+K33*Volatility!K33*(-DriftSum!L33*TimeStep+SQRT(TimeStep)*L$49) -> 0.045345963 | M33: =+L33+L33*Volatility!L33*(-DriftSum!M33*TimeStep+SQRT(TimeStep)*M$49) -> 0.049214185 | N33: =+M33+M33*Volatility!M33*(-DriftSum!N33*TimeStep+SQRT(TimeStep)*N$49) -> 0.048586303 | O33: =+N33+N33*Volatility!N33*(-DriftSum!O33*TimeStep+SQRT(TimeStep)*O$49) -> 0.050881087 | ... AT33: =+AS33+AS33*Volatility!AS33*(-DriftSum!AT33*TimeStep+SQRT(TimeStep)*AT$49) -> 0.053274824
D34: =+D35+$E$3 -> 3.25 | E34: =+E35/(1+(D34-D35)*G34) -> 0.86880109 | F34: =+"L(t;"&D35&","&D34&")" -> L(t;3,3.25) | G34: 0.04625 | H34: =+G34+G34*Volatility!G34*(-DriftSum!H34*TimeStep+SQRT(TimeStep)*H$49) -> 0.047987223 | I34: =+H34+H34*Volatility!H34*(-DriftSum!I34*TimeStep+SQRT(TimeStep)*I$49) -> 0.048086324 | J34: =+I34+I34*Volatility!I34*(-DriftSum!J34*TimeStep+SQRT(TimeStep)*J$49) -> 0.046380859 | K34: =+J34+J34*Volatility!J34*(-DriftSum!K34*TimeStep+SQRT(TimeStep)*K$49) -> 0.046941201 | L34: =+K34+K34*Volatility!K34*(-DriftSum!L34*TimeStep+SQRT(TimeStep)*L$49) -> 0.045050561 | M34: =+L34+L34*Volatility!L34*(-DriftSum!M34*TimeStep+SQRT(TimeStep)*M$49) -> 0.048918435 | N34: =+M34+M34*Volatility!M34*(-DriftSum!N34*TimeStep+SQRT(TimeStep)*N$49) -> 0.04828903 | O34: =+N34+N34*Volatility!N34*(-DriftSum!O34*TimeStep+SQRT(TimeStep)*O$49) -> 0.050584002 | ... AQ34: =+AP34+AP34*Volatility!AP34*(-DriftSum!AQ34*TimeStep+SQRT(TimeStep)*AQ$49) -> 0.05314692
D35: =+D36+$E$3 -> 3 | E35: =+E36/(1+(D35-D36)*G35) -> 0.87884661 | F35: =+"L(t;"&D36&","&D35&")" -> L(t;2.75,3) | G35: 0.0459375 | H35: =+G35+G35*Volatility!G35*(-DriftSum!H35*TimeStep+SQRT(TimeStep)*H$49) -> 0.047662 | I35: =+H35+H35*Volatility!H35*(-DriftSum!I35*TimeStep+SQRT(TimeStep)*I$49) -> 0.047759371 | J35: =+I35+I35*Volatility!I35*(-DriftSum!J35*TimeStep+SQRT(TimeStep)*J$49) -> 0.046064438 | K35: =+J35+J35*Volatility!J35*(-DriftSum!K35*TimeStep+SQRT(TimeStep)*K$49) -> 0.046619967 | L35: =+K35+K35*Volatility!K35*(-DriftSum!L35*TimeStep+SQRT(TimeStep)*L$49) -> 0.044741251 | M35: =+L35+L35*Volatility!L35*(-DriftSum!M35*TimeStep+SQRT(TimeStep)*M$49) -> 0.048581634 | N35: =+M35+M35*Volatility!M35*(-DriftSum!N35*TimeStep+SQRT(TimeStep)*N$49) -> 0.047955463 | O35: =+N35+N35*Volatility!N35*(-DriftSum!O35*TimeStep+SQRT(TimeStep)*O$49) -> 0.050233509 | ... AN35: =+AM35+AM35*Volatility!AM35*(-DriftSum!AN35*TimeStep+SQRT(TimeStep)*AN$49) -> 0.055597134
D36: =+D37+$E$3 -> 2.75 | E36: =+E37/(1+(D36-D37)*G36) -> 0.88893961 | F36: =+"L(t;"&D37&","&D36&")" -> L(t;2.5,2.75) | G36: 0.045625 | H36: =+G36+G36*Volatility!G36*(-DriftSum!H36*TimeStep+SQRT(TimeStep)*H$49) -> 0.047336798 | I36: =+H36+H36*Volatility!H36*(-DriftSum!I36*TimeStep+SQRT(TimeStep)*I$49) -> 0.047432459 | J36: =+I36+I36*Volatility!I36*(-DriftSum!J36*TimeStep+SQRT(TimeStep)*J$49) -> 0.045748078 | K36: =+J36+J36*Volatility!J36*(-DriftSum!K36*TimeStep+SQRT(TimeStep)*K$49) -> 0.046298815 | L36: =+K36+K36*Volatility!K36*(-DriftSum!L36*TimeStep+SQRT(TimeStep)*L$49) -> 0.044432042 | M36: =+L36+L36*Volatility!L36*(-DriftSum!M36*TimeStep+SQRT(TimeStep)*M$49) -> 0.048244962 | N36: =+M36+M36*Volatility!M36*(-DriftSum!N36*TimeStep+SQRT(TimeStep)*N$49) -> 0.047622045 | O36: =+N36+N36*Volatility!N36*(-DriftSum!O36*TimeStep+SQRT(TimeStep)*O$49) -> 0.049883194 | ... AK36: =+AJ36+AJ36*Volatility!AJ36*(-DriftSum!AK36*TimeStep+SQRT(TimeStep)*AK$49) -> 0.059482291
D37: =+D38+$E$3 -> 2.5 | E37: =+E38/(1+(D37-D38)*G37) -> 0.89907908 | F37: =+"L(t;"&D38&","&D37&")" -> L(t;2.25,2.5) | G37: 0.0453125 | H37: =+G37+G37*Volatility!G37*(-DriftSum!H37*TimeStep+SQRT(TimeStep)*H$49) -> 0.047011615 | I37: =+H37+H37*Volatility!H37*(-DriftSum!I37*TimeStep+SQRT(TimeStep)*I$49) -> 0.047105588 | J37: =+I37+I37*Volatility!I37*(-DriftSum!J37*TimeStep+SQRT(TimeStep)*J$49) -> 0.04543178 | K37: =+J37+J37*Volatility!J37*(-DriftSum!K37*TimeStep+SQRT(TimeStep)*K$49) -> 0.045977746 | L37: =+K37+K37*Volatility!K37*(-DriftSum!L37*TimeStep+SQRT(TimeStep)*L$49) -> 0.044122931 | M37: =+L37+L37*Volatility!L37*(-DriftSum!M37*TimeStep+SQRT(TimeStep)*M$49) -> 0.047908417 | N37: =+M37+M37*Volatility!M37*(-DriftSum!N37*TimeStep+SQRT(TimeStep)*N$49) -> 0.047288774 | O37: =+N37+N37*Volatility!N37*(-DriftSum!O37*TimeStep+SQRT(TimeStep)*O$49) -> 0.049533056 | ... AH37: =+AG37+AG37*Volatility!AG37*(-DriftSum!AH37*TimeStep+SQRT(TimeStep)*AH$49) -> 0.051428813
D38: =+D39+$E$3 -> 2.25 | E38: =+E39/(1+(D38-D39)*G38) -> 0.90926396 | F38: =+"L(t;"&D39&","&D38&")" -> L(t;2,2.25) | G38: 0.045 | H38: =+G38+G38*Volatility!G38*(-DriftSum!H38*TimeStep+SQRT(TimeStep)*H$49) -> 0.046663966 | I38: =+H38+H38*Volatility!H38*(-DriftSum!I38*TimeStep+SQRT(TimeStep)*I$49) -> 0.046753767 | J38: =+I38+I38*Volatility!I38*(-DriftSum!J38*TimeStep+SQRT(TimeStep)*J$49) -> 0.045157933 | K38: =+J38+J38*Volatility!J38*(-DriftSum!K38*TimeStep+SQRT(TimeStep)*K$49) -> 0.045677989 | L38: =+K38+K38*Volatility!K38*(-DriftSum!L38*TimeStep+SQRT(TimeStep)*L$49) -> 0.043908041 | M38: =+L38+L38*Volatility!L38*(-DriftSum!M38*TimeStep+SQRT(TimeStep)*M$49) -> 0.047523546 | N38: =+M38+M38*Volatility!M38*(-DriftSum!N38*TimeStep+SQRT(TimeStep)*N$49) -> 0.046932455 | O38: =+N38+N38*Volatility!N38*(-DriftSum!O38*TimeStep+SQRT(TimeStep)*O$49) -> 0.049069745 | ... AE38: =+AD38+AD38*Volatility!AD38*(-DriftSum!AE38*TimeStep+SQRT(TimeStep)*AE$49) -> 0.048595626
D39: =+D40+$E$3 -> 2 | E39: =+E40/(1+(D39-D40)*G39) -> 0.91949318 | F39: =+"L(t;"&D40&","&D39&")" -> L(t;1.75,2) | G39: 0.044375 | H39: =+G39+G39*Volatility!G39*(-DriftSum!H39*TimeStep+SQRT(TimeStep)*H$49) -> 0.045948469 | I39: =+H39+H39*Volatility!H39*(-DriftSum!I39*TimeStep+SQRT(TimeStep)*I$49) -> 0.046032357 | J39: =+I39+I39*Volatility!I39*(-DriftSum!J39*TimeStep+SQRT(TimeStep)*J$49) -> 0.044525733 | K39: =+J39+J39*Volatility!J39*(-DriftSum!K39*TimeStep+SQRT(TimeStep)*K$49) -> 0.04501632 | L39: =+K39+K39*Volatility!K39*(-DriftSum!L39*TimeStep+SQRT(TimeStep)*L$49) -> 0.043343848 | M39: =+L39+L39*Volatility!L39*(-DriftSum!M39*TimeStep+SQRT(TimeStep)*M$49) -> 0.046763407 | N39: =+M39+M39*Volatility!M39*(-DriftSum!N39*TimeStep+SQRT(TimeStep)*N$49) -> 0.046205096 | O39: =+N39+N39*Volatility!N39*(-DriftSum!O39*TimeStep+SQRT(TimeStep)*O$49) -> 0.048220701 | ... AB39: =+AA39+AA39*Volatility!AA39*(-DriftSum!AB39*TimeStep+SQRT(TimeStep)*AB$49) -> 0.046610886
D40: =+D41+$E$3 -> 1.75 | E40: =+E41/(1+(D40-D41)*G40) -> 0.9296938 | F40: =+"L(t;"&D41&","&D40&")" -> L(t;1.5,1.75) | G40: 0.04375 | H40: =+G40+G40*Volatility!G40*(-DriftSum!H40*TimeStep+SQRT(TimeStep)*H$49) -> 0.045234987 | I40: =+H40+H40*Volatility!H40*(-DriftSum!I40*TimeStep+SQRT(TimeStep)*I$49) -> 0.04531323 | J40: =+I40+I40*Volatility!I40*(-DriftSum!J40*TimeStep+SQRT(TimeStep)*J$49) -> 0.043893842 | K40: =+J40+J40*Volatility!J40*(-DriftSum!K40*TimeStep+SQRT(TimeStep)*K$49) -> 0.044355706 | L40: =+K40+K40*Volatility!K40*(-DriftSum!L40*TimeStep+SQRT(TimeStep)*L$49) -> 0.042778678 | M40: =+L40+L40*Volatility!L40*(-DriftSum!M40*TimeStep+SQRT(TimeStep)*M$49) -> 0.046006213 | N40: =+M40+M40*Volatility!M40*(-DriftSum!N40*TimeStep+SQRT(TimeStep)*N$49) -> 0.045480017 | O40: =+N40+N40*Volatility!N40*(-DriftSum!O40*TimeStep+SQRT(TimeStep)*O$49) -> 0.047376944 | ... Y40: =+X40+X40*Volatility!X40*(-DriftSum!Y40*TimeStep+SQRT(TimeStep)*Y$49) -> 0.043654058
D41: =+D42+$E$3 -> 1.5 | E41: =+E42/(1+(D41-D42)*G41) -> 0.93986233 | F41: =+"L(t;"&D42&","&D41&")" -> L(t;1.25,1.5) | G41: 0.043125 | H41: =+G41+G41*Volatility!G41*(-DriftSum!H41*TimeStep+SQRT(TimeStep)*H$49) -> 0.044523507 | I41: =+H41+H41*Volatility!H41*(-DriftSum!I41*TimeStep+SQRT(TimeStep)*I$49) -> 0.04459636 | J41: =+I41+I41*Volatility!I41*(-DriftSum!J41*TimeStep+SQRT(TimeStep)*J$49) -> 0.043262232 | K41: =+J41+J41*Volatility!J41*(-DriftSum!K41*TimeStep+SQRT(TimeStep)*K$49) -> 0.043696107 | L41: =+K41+K41*Volatility!K41*(-DriftSum!L41*TimeStep+SQRT(TimeStep)*L$49) -> 0.042212483 | M41: =+L41+L41*Volatility!L41*(-DriftSum!M41*TimeStep+SQRT(TimeStep)*M$49) -> 0.045251917 | N41: =+M41+M41*Volatility!M41*(-DriftSum!N41*TimeStep+SQRT(TimeStep)*N$49) -> 0.044757161 | O41: =+N41+N41*Volatility!N41*(-DriftSum!O41*TimeStep+SQRT(TimeStep)*O$49) -> 0.046538387 | ... V41: =+U41+U41*Volatility!U41*(-DriftSum!V41*TimeStep+SQRT(TimeStep)*V$49) -> 0.046686777
D42: =+D43+$E$3 -> 1.25 | E42: =+E43/(1+(D42-D43)*G42) -> 0.94999522 | F42: =+"L(t;"&D43&","&D42&")" -> L(t;1,1.25) | G42: 0.0425 | H42: =+G42+G42*Volatility!G42*(-DriftSum!H42*TimeStep+SQRT(TimeStep)*H$49) -> 0.043814019 | I42: =+H42+H42*Volatility!H42*(-DriftSum!I42*TimeStep+SQRT(TimeStep)*I$49) -> 0.043881722 | J42: =+I42+I42*Volatility!I42*(-DriftSum!J42*TimeStep+SQRT(TimeStep)*J$49) -> 0.042630875 | K42: =+J42+J42*Volatility!J42*(-DriftSum!K42*TimeStep+SQRT(TimeStep)*K$49) -> 0.043037484 | L42: =+K42+K42*Volatility!K42*(-DriftSum!L42*TimeStep+SQRT(TimeStep)*L$49) -> 0.041645221 | M42: =+L42+L42*Volatility!L42*(-DriftSum!M42*TimeStep+SQRT(TimeStep)*M$49) -> 0.044500473 | N42: =+M42+M42*Volatility!M42*(-DriftSum!N42*TimeStep+SQRT(TimeStep)*N$49) -> 0.044036474 | O42: =+N42+N42*Volatility!N42*(-DriftSum!O42*TimeStep+SQRT(TimeStep)*O$49) -> 0.04570495 | ... S42: =+R42+R42*Volatility!R42*(-DriftSum!S42*TimeStep+SQRT(TimeStep)*S$49) -> 0.048466952
D43: =+D44+$E$3 -> 1 | E43: =+E44/(1+(D43-D44)*G43) -> 0.96008892 | F43: =+"L(t;"&D44&","&D43&")" -> L(t;0.75,1) | G43: 0.041875 | H43: =+G43+G43*Volatility!G43*(-DriftSum!H43*TimeStep+SQRT(TimeStep)*H$49) -> 0.043106512 | I43: =+H43+H43*Volatility!H43*(-DriftSum!I43*TimeStep+SQRT(TimeStep)*I$49) -> 0.043169295 | J43: =+I43+I43*Volatility!I43*(-DriftSum!J43*TimeStep+SQRT(TimeStep)*J$49) -> 0.041999749 | K43: =+J43+J43*Volatility!J43*(-DriftSum!K43*TimeStep+SQRT(TimeStep)*K$49) -> 0.042379804 | L43: =+K43+K43*Volatility!K43*(-DriftSum!L43*TimeStep+SQRT(TimeStep)*L$49) -> 0.041076852 | M43: =+L43+L43*Volatility!L43*(-DriftSum!M43*TimeStep+SQRT(TimeStep)*M$49) -> 0.043751839 | N43: =+M43+M43*Volatility!M43*(-DriftSum!N43*TimeStep+SQRT(TimeStep)*N$49) -> 0.043317906 | O43: =+N43+N43*Volatility!N43*(-DriftSum!O43*TimeStep+SQRT(TimeStep)*O$49) -> 0.044876557 | P43: =+O43+O43*Volatility!O43*(-DriftSum!P43*TimeStep+SQRT(TimeStep)*P$49) -> 0.043642749
D44: =+D45+$E$3 -> 0.75 | E44: =+E45/(1+(D44-D45)*G44) -> 0.97013985 | F44: =+"L(t;"&D45&","&D44&")" -> L(t;0.5,0.75) | G44: 0.04125 | H44: =+G44+G44*Volatility!G44*(-DriftSum!H44*TimeStep+SQRT(TimeStep)*H$49) -> 0.042400976 | I44: =+H44+H44*Volatility!H44*(-DriftSum!I44*TimeStep+SQRT(TimeStep)*I$49) -> 0.042459057 | J44: =+I44+I44*Volatility!I44*(-DriftSum!J44*TimeStep+SQRT(TimeStep)*J$49) -> 0.041368829 | K44: =+J44+J44*Volatility!J44*(-DriftSum!K44*TimeStep+SQRT(TimeStep)*K$49) -> 0.041723032 | L44: =+K44+K44*Volatility!K44*(-DriftSum!L44*TimeStep+SQRT(TimeStep)*L$49) -> 0.040507337 | M44: =+L44+L44*Volatility!L44*(-DriftSum!M44*TimeStep+SQRT(TimeStep)*M$49) -> 0.043005977
D45: =+D46+$E$3 -> 0.5 | E45: =+E46/(1+(D45-D46)*G45) -> 0.98014442 | F45: =+"L(t;"&D46&","&D45&")" -> L(t;0.25,0.5) | G45: 0.040625 | H45: =+G45+G45*Volatility!G45*(-DriftSum!H45*TimeStep+SQRT(TimeStep)*H$49) -> 0.041697401 | I45: =+H45+H45*Volatility!H45*(-DriftSum!I45*TimeStep+SQRT(TimeStep)*I$49) -> 0.041750986 | J45: =+I45+I45*Volatility!I45*(-DriftSum!J45*TimeStep+SQRT(TimeStep)*J$49) -> 0.040738096
D46: =+D47+$E$3 -> 0.25 | E46: =+E47/(1+(D46-D47)*G46) -> 0.99009901 | F46: =+"L(t;"&D47&","&D46&")" -> L(t;0,0.25) | G46: 0.04
D47: 0 | E47: 1 | F47: t (years) = | G47: 0 | H47: =+G47+$E$2 -> 0.083333333 | I47: =+H47+$E$2 -> 0.16666667 | J47: =+I47+$E$2 -> 0.25 | K47: =+J47+$E$2 -> 0.33333333 | L47: =+K47+$E$2 -> 0.41666667 | M47: =+L47+$E$2 -> 0.5 | N47: =+M47+$E$2 -> 0.58333333 | O47: =+N47+$E$2 -> 0.66666667 | ... DW47: =+DV47+$E$2 -> 10
G49: Sample from N(0,1)-> | H49: =NORMSINV(RAND()) -> 0.87764061 | I49: =NORMSINV(RAND()) -> 0.058268874 | J49: =NORMSINV(RAND()) -> -0.80837788 | K49: =NORMSINV(RAND()) -> 0.28941298 | L49: =NORMSINV(RAND()) -> -0.91964892 | M49: =NORMSINV(RAND()) -> 1.9929517 | N49: =NORMSINV(RAND()) -> -0.28629096 | O49: =NORMSINV(RAND()) -> 1.1083019 | ... DW49: =NORMSINV(RAND()) -> -0.28116639
H52: Simulated Future Discount Factor Curve
F54: =+D7 -> 10 | G54: =G55/(1+LiborTenor*G7) -> 0.62440567 | H54: =H55/(1+LiborTenor*H7) -> 0.62232637 | I54: =I55/(1+LiborTenor*I7) -> 0.62182992 | J54: =J55/(1+LiborTenor*J7) -> 0.62992615 | K54: =K55/(1+LiborTenor*K7) -> 0.63363656 | L54: =L55/(1+LiborTenor*L7) -> 0.64266086 | M54: =M55/(1+LiborTenor*M7) -> 0.62410434 | N54: =N55/(1+LiborTenor*N7) -> 0.63368313 | ... DT54: =DT55/(1+LiborTenor*DT7) -> 0.98465268
F55: =+D8 -> 9.75 | G55: =G56/(1+LiborTenor*G8) -> 0.63221074 | H55: =H56/(1+LiborTenor*H8) -> 0.63024143 | I55: =I56/(1+LiborTenor*I8) -> 0.62974799 | J55: =J56/(1+LiborTenor*J8) -> 0.63781441 | K55: =K56/(1+LiborTenor*K8) -> 0.64161835 | L55: =L56/(1+LiborTenor*L8) -> 0.65060374 | M55: =M56/(1+LiborTenor*M8) -> 0.63213295 | N55: =N56/(1+LiborTenor*N8) -> 0.64178713 | ... DQ55: =DQ56/(1+LiborTenor*DQ8) -> 0.98458582 | DR55: 1 | DS55: 1 | DT55: 1
F56: =+D9 -> 9.5 | G56: =G57/(1+LiborTenor*G9) -> 0.64011337 | H56: =H57/(1+LiborTenor*H9) -> 0.63826312 | I56: =I57/(1+LiborTenor*I9) -> 0.63777319 | J56: =J57/(1+LiborTenor*J9) -> 0.64580201 | K56: =K57/(1+LiborTenor*K9) -> 0.64970322 | L56: =L57/(1+LiborTenor*L9) -> 0.65864073 | M56: =M57/(1+LiborTenor*M9) -> 0.64027417 | N56: =N57/(1+LiborTenor*N9) -> 0.65000209 | ... DN56: =DN57/(1+LiborTenor*DN9) -> 0.98326292 | DO56: 1 | DP56: 1 | DQ56: 1
F57: =+D10 -> 9.25 | G57: =G58/(1+LiborTenor*G10) -> 0.64811479 | H57: =H58/(1+LiborTenor*H10) -> 0.64639292 | I57: =I58/(1+LiborTenor*I10) -> 0.64590705 | J57: =J58/(1+LiborTenor*J10) -> 0.65389017 | K57: =K58/(1+LiborTenor*K10) -> 0.65789249 | L57: =L58/(1+LiborTenor*L10) -> 0.66677285 | M57: =M58/(1+LiborTenor*M10) -> 0.64852963 | N57: =N58/(1+LiborTenor*N10) -> 0.65832955 | ... DK57: =DK58/(1+LiborTenor*DK10) -> 0.98369636 | DL57: 1 | DM57: 1 | DN57: 1
F58: =+D11 -> 9 | G58: =G59/(1+LiborTenor*G11) -> 0.65621623 | H58: =H59/(1+LiborTenor*H11) -> 0.65463236 | I58: =I59/(1+LiborTenor*I11) -> 0.65415109 | J58: =J59/(1+LiborTenor*J11) -> 0.66208014 | K58: =K59/(1+LiborTenor*K11) -> 0.66618751 | L58: =L59/(1+LiborTenor*L11) -> 0.67500113 | M58: =M59/(1+LiborTenor*M11) -> 0.65690099 | N58: =N59/(1+LiborTenor*N11) -> 0.66677106 | ... DH58: =DH59/(1+LiborTenor*DH11) -> 0.98361665 | DI58: 1 | DJ58: 1 | DK58: 1
F59: =+D12 -> 8.75 | G59: =G60/(1+LiborTenor*G12) -> 0.66441893 | H59: =H60/(1+LiborTenor*H12) -> 0.66298299 | I59: =I60/(1+LiborTenor*I12) -> 0.66250688 | J59: =J60/(1+LiborTenor*J12) -> 0.67037318 | K59: =K60/(1+LiborTenor*K12) -> 0.67458965 | L59: =L60/(1+LiborTenor*L12) -> 0.68332662 | M59: =M60/(1+LiborTenor*M12) -> 0.66538992 | N59: =N60/(1+LiborTenor*N12) -> 0.6753282 | ... DE59: =DE60/(1+LiborTenor*DE12) -> 0.98406361 | DF59: 1 | DG59: 1 | DH59: 1
F60: =+D13 -> 8.5 | G60: =G61/(1+LiborTenor*G13) -> 0.67272416 | H60: =H61/(1+LiborTenor*H13) -> 0.67144638 | I60: =I61/(1+LiborTenor*I13) -> 0.67097599 | J60: =J61/(1+LiborTenor*J13) -> 0.67877057 | K60: =K61/(1+LiborTenor*K13) -> 0.68310029 | L60: =L61/(1+LiborTenor*L13) -> 0.69175036 | M60: =M61/(1+LiborTenor*M13) -> 0.67399811 | N60: =N61/(1+LiborTenor*N13) -> 0.68400256 | ... DB60: =DB61/(1+LiborTenor*DB13) -> 0.98451409 | DC60: 1 | DD60: 1 | DE60: 1
F61: =+D14 -> 8.25 | G61: =G62/(1+LiborTenor*G14) -> 0.68113322 | H61: =H62/(1+LiborTenor*H14) -> 0.68002411 | I61: =I62/(1+LiborTenor*I14) -> 0.67956003 | J61: =J62/(1+LiborTenor*J14) -> 0.6872736 | K61: =K62/(1+LiborTenor*K14) -> 0.69172081 | L61: =L62/(1+LiborTenor*L14) -> 0.70027341 | M61: =M62/(1+LiborTenor*M14) -> 0.68272728 | N61: =N62/(1+LiborTenor*N14) -> 0.69279575 | ... CY61: =CY62/(1+LiborTenor*CY14) -> 0.98508875 | CZ61: 1 | DA61: 1 | DB61: 1
F62: =+D15 -> 8 | G62: =G63/(1+LiborTenor*G15) -> 0.68964738 | H62: =H63/(1+LiborTenor*H15) -> 0.68871781 | I62: =I63/(1+LiborTenor*I15) -> 0.68826063 | J62: =J63/(1+LiborTenor*J15) -> 0.69588357 | K62: =K63/(1+LiborTenor*K15) -> 0.70045264 | L62: =L63/(1+LiborTenor*L15) -> 0.70889682 | M62: =M63/(1+LiborTenor*M15) -> 0.69157918 | N62: =N63/(1+LiborTenor*N15) -> 0.7017094 | ... CV62: =CV63/(1+LiborTenor*CV15) -> 0.98612556 | CW62: 1 | CX62: 1 | CY62: 1
F63: =+D16 -> 7.75 | G63: =G64/(1+LiborTenor*G16) -> 0.69826797 | H63: =H64/(1+LiborTenor*H16) -> 0.6975291 | I63: =I64/(1+LiborTenor*I16) -> 0.69707944 | J63: =J64/(1+LiborTenor*J16) -> 0.7046018 | K63: =K64/(1+LiborTenor*K16) -> 0.7092972 | L63: =L64/(1+LiborTenor*L16) -> 0.71762168 | M63: =M64/(1+LiborTenor*M16) -> 0.70055557 | N63: =N64/(1+LiborTenor*N16) -> 0.71074517 | ... CS63: =CS64/(1+LiborTenor*CS16) -> 0.98649803 | CT63: 1 | CU63: 1 | CV63: 1
F64: =+D17 -> 7.5 | G64: =G65/(1+LiborTenor*G17) -> 0.70699632 | H64: =H65/(1+LiborTenor*H17) -> 0.70645965 | I64: =I65/(1+LiborTenor*I17) -> 0.70601813 | J64: =J65/(1+LiborTenor*J17) -> 0.71342962 | K64: =K65/(1+LiborTenor*K17) -> 0.71825594 | L64: =L65/(1+LiborTenor*L17) -> 0.72644906 | M64: =M65/(1+LiborTenor*M17) -> 0.70965824 | N64: =N65/(1+LiborTenor*N17) -> 0.71990472 | ... CP64: =CP65/(1+LiborTenor*CP17) -> 0.98749608 | CQ64: 1 | CR64: 1 | CS64: 1
F65: =+D18 -> 7.25 | G65: =G66/(1+LiborTenor*G18) -> 0.71583378 | H65: =H66/(1+LiborTenor*H18) -> 0.71551114 | I65: =I66/(1+LiborTenor*I18) -> 0.71507839 | J65: =J66/(1+LiborTenor*J18) -> 0.72236839 | K65: =K66/(1+LiborTenor*K18) -> 0.72733033 | L65: =L66/(1+LiborTenor*L18) -> 0.73538005 | M65: =M66/(1+LiborTenor*M18) -> 0.718889 | N65: =N66/(1+LiborTenor*N18) -> 0.72918975 | ... CM65: =CM66/(1+LiborTenor*CM18) -> 0.98686186 | CN65: 1 | CO65: 1 | CP65: 1
F66: =+D19 -> 7 | G66: =G67/(1+LiborTenor*G19) -> 0.7247817 | H66: =H67/(1+LiborTenor*H19) -> 0.72468529 | I66: =I67/(1+LiborTenor*I19) -> 0.72426195 | J66: =J67/(1+LiborTenor*J19) -> 0.73141946 | K66: =K67/(1+LiborTenor*K19) -> 0.73652183 | L66: =L67/(1+LiborTenor*L19) -> 0.74441574 | M66: =M67/(1+LiborTenor*M19) -> 0.72824969 | N66: =N67/(1+LiborTenor*N19) -> 0.73860197 | ... CJ66: =CJ67/(1+LiborTenor*CJ19) -> 0.9868697 | CK66: 1 | CL66: 1 | CM66: 1
F67: =+D20 -> 6.75 | G67: =G68/(1+LiborTenor*G20) -> 0.73384147 | H67: =H68/(1+LiborTenor*H20) -> 0.73398383 | I67: =I68/(1+LiborTenor*I20) -> 0.73357055 | J67: =J68/(1+LiborTenor*J20) -> 0.74058422 | K67: =K68/(1+LiborTenor*K20) -> 0.74583195 | L67: =L68/(1+LiborTenor*L20) -> 0.75355725 | M67: =M68/(1+LiborTenor*M20) -> 0.73774218 | N67: =N68/(1+LiborTenor*N20) -> 0.7481431 | ... CG67: =CG68/(1+LiborTenor*CG20) -> 0.98600311 | CH67: 1 | CI67: 1 | CJ67: 1
F68: =+D21 -> 6.5 | G68: =G69/(1+LiborTenor*G21) -> 0.74301449 | H68: =H69/(1+LiborTenor*H21) -> 0.74340852 | I68: =I69/(1+LiborTenor*I21) -> 0.74300596 | J68: =J69/(1+LiborTenor*J21) -> 0.74986405 | K68: =K69/(1+LiborTenor*K21) -> 0.7552622 | L68: =L69/(1+LiborTenor*L21) -> 0.76280567 | M68: =M69/(1+LiborTenor*M21) -> 0.74736834 | N68: =N69/(1+LiborTenor*N21) -> 0.75781491 | ... CD68: =CD69/(1+LiborTenor*CD21) -> 0.98611075 | CE68: 1 | CF68: 1 | CG68: 1
F69: =+D22 -> 6.25 | G69: =G70/(1+LiborTenor*G22) -> 0.75230217 | H69: =H70/(1+LiborTenor*H22) -> 0.75296114 | I69: =I70/(1+LiborTenor*I22) -> 0.75256999 | J69: =J70/(1+LiborTenor*J22) -> 0.75926037 | K69: =K70/(1+LiborTenor*K22) -> 0.76481411 | L69: =L70/(1+LiborTenor*L22) -> 0.77216214 | M69: =M70/(1+LiborTenor*M22) -> 0.75713008 | N69: =N70/(1+LiborTenor*N22) -> 0.76761915 | ... CA69: =CA70/(1+LiborTenor*CA22) -> 0.98659745 | CB69: 1 | CC69: 1 | CD69: 1
F70: =+D23 -> 6 | G70: =G71/(1+LiborTenor*G23) -> 0.76170595 | H70: =H71/(1+LiborTenor*H23) -> 0.7626435 | I70: =I71/(1+LiborTenor*I23) -> 0.76226444 | J70: =J71/(1+LiborTenor*J23) -> 0.7687746 | K70: =K71/(1+LiborTenor*K23) -> 0.77448923 | L70: =L71/(1+LiborTenor*L23) -> 0.78162778 | M70: =M71/(1+LiborTenor*M23) -> 0.76702935 | N70: =N71/(1+LiborTenor*N23) -> 0.77755763 | ... BX70: =BX71/(1+LiborTenor*BX23) -> 0.98724715 | BY70: 1 | BZ70: 1 | CA70: 1
F71: =+D24 -> 5.75 | G71: =G72/(1+LiborTenor*G24) -> 0.77116776 | H71: =H72/(1+LiborTenor*H24) -> 0.77239611 | I71: =I72/(1+LiborTenor*I24) -> 0.77202976 | J71: =J72/(1+LiborTenor*J24) -> 0.77834797 | K71: =K72/(1+LiborTenor*K24) -> 0.78422788 | L71: =L72/(1+LiborTenor*L24) -> 0.79114388 | M71: =M72/(1+LiborTenor*M24) -> 0.77700536 | N71: =N72/(1+LiborTenor*N24) -> 0.78756919 | ... BU71: =BU72/(1+LiborTenor*BU24) -> 0.98673833 | BV71: 1 | BW71: 1 | BX71: 1
F72: =+D25 -> 5.5 | G72: =G73/(1+LiborTenor*G25) -> 0.78068687 | H72: =H73/(1+LiborTenor*H25) -> 0.78221838 | I72: =I73/(1+LiborTenor*I25) -> 0.78186535 | J72: =J73/(1+LiborTenor*J25) -> 0.78797969 | K72: =K73/(1+LiborTenor*K25) -> 0.79402931 | L72: =L73/(1+LiborTenor*L25) -> 0.80070946 | M72: =M73/(1+LiborTenor*M25) -> 0.78705752 | N72: =N73/(1+LiborTenor*N25) -> 0.79765314 | ... BR72: =BR73/(1+LiborTenor*BR25) -> 0.98459219 | BS72: 1 | BT72: 1 | BU72: 1
F73: =+D26 -> 5.25 | G73: =G74/(1+LiborTenor*G26) -> 0.79026248 | H73: =H74/(1+LiborTenor*H26) -> 0.7921097 | I73: =I74/(1+LiborTenor*I26) -> 0.79177061 | J73: =J74/(1+LiborTenor*J26) -> 0.79766893 | K73: =K74/(1+LiborTenor*K26) -> 0.80389272 | L73: =L74/(1+LiborTenor*L26) -> 0.81032354 | M73: =M74/(1+LiborTenor*M26) -> 0.79718521 | N73: =N74/(1+LiborTenor*N26) -> 0.80780876 | ... BO73: =BO74/(1+LiborTenor*BO26) -> 0.98550296 | BP73: 1 | BQ73: 1 | BR73: 1
F74: =+D27 -> 5 | G74: =G75/(1+LiborTenor*G27) -> 0.7998938 | H74: =H75/(1+LiborTenor*H27) -> 0.80206944 | I74: =I75/(1+LiborTenor*I27) -> 0.8017449 | J74: =J75/(1+LiborTenor*J27) -> 0.80741485 | K74: =K75/(1+LiborTenor*K27) -> 0.81381731 | L74: =L75/(1+LiborTenor*L27) -> 0.8199851 | M74: =M75/(1+LiborTenor*M27) -> 0.80738778 | N74: =N75/(1+LiborTenor*N27) -> 0.81803529 | ... BL74: =BL75/(1+LiborTenor*BL27) -> 0.98563521 | BM74: 1 | BN74: 1 | BO74: 1
F75: =+D28 -> 4.75 | G75: =G76/(1+LiborTenor*G28) -> 0.80958002 | H75: =H76/(1+LiborTenor*H28) -> 0.81209692 | I75: =I76/(1+LiborTenor*I28) -> 0.81178755 | J75: =J76/(1+LiborTenor*J28) -> 0.81721658 | K75: =K76/(1+LiborTenor*K28) -> 0.82380224 | L75: =L76/(1+LiborTenor*L28) -> 0.8296931 | M75: =M76/(1+LiborTenor*M28) -> 0.81766454 | N75: =N76/(1+LiborTenor*N28) -> 0.82833196 | ... BI75: =BI76/(1+LiborTenor*BI28) -> 0.9868062 | BJ75: 1 | BK75: 1 | BL75: 1
F76: =+D29 -> 4.5 | G76: =G77/(1+LiborTenor*G29) -> 0.81932028 | H76: =H77/(1+LiborTenor*H29) -> 0.82219147 | I76: =I77/(1+LiborTenor*I29) -> 0.82189787 | J76: =J77/(1+LiborTenor*J29) -> 0.82707321 | K76: =K77/(1+LiborTenor*K29) -> 0.83384664 | L76: =L77/(1+LiborTenor*L29) -> 0.83944648 | M76: =M77/(1+LiborTenor*M29) -> 0.82801478 | N76: =N77/(1+LiborTenor*N29) -> 0.83869794 | ... BF76: =BF77/(1+LiborTenor*BF29) -> 0.98608658 | BG76: 1 | BH76: 1 | BI76: 1
F77: =+D30 -> 4.25 | G77: =G78/(1+LiborTenor*G30) -> 0.82911371 | H77: =H78/(1+LiborTenor*H30) -> 0.83235237 | I77: =I78/(1+LiborTenor*I30) -> 0.83207515 | J77: =J78/(1+LiborTenor*J30) -> 0.83698383 | K77: =K78/(1+LiborTenor*K30) -> 0.84394963 | L77: =L78/(1+LiborTenor*L30) -> 0.84924415 | M77: =M78/(1+LiborTenor*M30) -> 0.83843775 | N77: =N78/(1+LiborTenor*N30) -> 0.84913238 | ... BC77: =BC78/(1+LiborTenor*BC30) -> 0.98480745 | BD77: 1 | BE77: 1 | BF77: 1
F78: =+D31 -> 4 | G78: =G79/(1+LiborTenor*G31) -> 0.83895944 | H78: =H79/(1+LiborTenor*H31) -> 0.84257887 | I78: =I79/(1+LiborTenor*I31) -> 0.84231862 | J78: =J79/(1+LiborTenor*J31) -> 0.84694749 | K78: =K79/(1+LiborTenor*K31) -> 0.85411029 | L78: =L79/(1+LiborTenor*L31) -> 0.85908501 | M78: =M79/(1+LiborTenor*M31) -> 0.84893267 | N78: =N79/(1+LiborTenor*N31) -> 0.85963441 | ... AZ78: =AZ79/(1+LiborTenor*AZ31) -> 0.98541104 | BA78: 1 | BB78: 1 | BC78: 1
F79: =+D32 -> 3.75 | G79: =G80/(1+LiborTenor*G32) -> 0.84885654 | H79: =H80/(1+LiborTenor*H32) -> 0.85287021 | I79: =I80/(1+LiborTenor*I32) -> 0.85262753 | J79: =J80/(1+LiborTenor*J32) -> 0.85696322 | K79: =K80/(1+LiborTenor*K32) -> 0.86432767 | L79: =L80/(1+LiborTenor*L32) -> 0.86896793 | M79: =M80/(1+LiborTenor*M32) -> 0.85949872 | N79: =N80/(1+LiborTenor*N32) -> 0.8702031 | ... AW79: =AW80/(1+LiborTenor*AW32) -> 0.98563979 | AX79: 1 | AY79: 1 | AZ79: 1
F80: =+D33 -> 3.5 | G80: =G81/(1+LiborTenor*G33) -> 0.85880408 | H80: =H81/(1+LiborTenor*H33) -> 0.86322558 | I80: =I81/(1+LiborTenor*I33) -> 0.86300106 | J80: =J81/(1+LiborTenor*J33) -> 0.86703003 | K80: =K81/(1+LiborTenor*K33) -> 0.8746008 | L80: =L81/(1+LiborTenor*L33) -> 0.87889175 | M80: =M81/(1+LiborTenor*M33) -> 0.87013507 | N80: =N81/(1+LiborTenor*N33) -> 0.88083752 | ... AT80: =AT81/(1+LiborTenor*AT33) -> 0.98685635 | AU80: 1 | AV80: 1 | AW80: 1
F81: =+D34 -> 3.25 | G81: =G82/(1+LiborTenor*G34) -> 0.86880109 | H81: =H82/(1+LiborTenor*H34) -> 0.87364416 | I81: =I82/(1+LiborTenor*I34) -> 0.87343838 | J81: =J82/(1+LiborTenor*J34) -> 0.87714688 | K81: =K82/(1+LiborTenor*K34) -> 0.88492868 | L81: =L82/(1+LiborTenor*L34) -> 0.8888553 | M81: =M82/(1+LiborTenor*M34) -> 0.88084081 | N81: =N82/(1+LiborTenor*N34) -> 0.89153668 | ... AQ81: =AQ82/(1+LiborTenor*AQ34) -> 0.98688749 | AR81: 1 | AS81: 1 | AT81: 1
F82: =+D35 -> 3 | G82: =G83/(1+LiborTenor*G35) -> 0.87884661 | H82: =H83/(1+LiborTenor*H35) -> 0.8841251 | I82: =I83/(1+LiborTenor*I35) -> 0.88393849 | J82: =J83/(1+LiborTenor*J35) -> 0.88731759 | K82: =K83/(1+LiborTenor*K35) -> 0.89531358 | L82: =L83/(1+LiborTenor*L35) -> 0.89886616 | M82: =M83/(1+LiborTenor*M35) -> 0.89161315 | N82: =N83/(1+LiborTenor*N35) -> 0.90229954 | ... AN82: =AN83/(1+LiborTenor*AN35) -> 0.98629126 | AO82: 1 | AP82: 1 | AQ82: 1
F83: =+D36 -> 2.75 | G83: =G84/(1+LiborTenor*G36) -> 0.88893961 | H83: =H84/(1+LiborTenor*H36) -> 0.89465989 | I83: =I84/(1+LiborTenor*I36) -> 0.89449258 | J83: =J84/(1+LiborTenor*J36) -> 0.89753604 | K83: =K84/(1+LiborTenor*K36) -> 0.90574846 | L83: =L84/(1+LiborTenor*L36) -> 0.90892025 | M83: =M84/(1+LiborTenor*M36) -> 0.90244216 | N83: =N84/(1+LiborTenor*N36) -> 0.91311709 | ... AK83: =AK84/(1+LiborTenor*AK36) -> 0.98534732 | AL83: 1 | AM83: 1 | AN83: 1
F84: =+D37 -> 2.5 | G84: =G85/(1+LiborTenor*G37) -> 0.89907908 | H84: =H85/(1+LiborTenor*H37) -> 0.90524747 | I84: =I85/(1+LiborTenor*I37) -> 0.90509957 | J84: =J85/(1+LiborTenor*J37) -> 0.90780117 | K84: =K85/(1+LiborTenor*K37) -> 0.91623223 | L84: =L85/(1+LiborTenor*L37) -> 0.91901655 | M84: =M85/(1+LiborTenor*M37) -> 0.91332673 | N84: =N85/(1+LiborTenor*N37) -> 0.92398822 | ... AH84: =AH85/(1+LiborTenor*AH37) -> 0.98730601 | AI84: 1 | AJ84: 1 | AK84: 1
F85: =+D38 -> 2.25 | G85: =G86/(1+LiborTenor*G38) -> 0.90926396 | H85: =H86/(1+LiborTenor*H38) -> 0.91588676 | I85: =I86/(1+LiborTenor*I38) -> 0.91575839 | J85: =J86/(1+LiborTenor*J38) -> 0.91811193 | K85: =K86/(1+LiborTenor*K38) -> 0.9267638 | L85: =L86/(1+LiborTenor*L38) -> 0.92915398 | M85: =M86/(1+LiborTenor*M38) -> 0.92426574 | N85: =N86/(1+LiborTenor*N38) -> 0.93491178 | ... AE85: =AE86/(1+LiborTenor*AE38) -> 0.98799692 | AF85: 1 | AG85: 1 | AH85: 1
F86: =+D39 -> 2 | G86: =G87/(1+LiborTenor*G39) -> 0.91949318 | H86: =H87/(1+LiborTenor*H39) -> 0.92657149 | I86: =I87/(1+LiborTenor*I39) -> 0.92646217 | J86: =J87/(1+LiborTenor*J39) -> 0.92847694 | K86: =K87/(1+LiborTenor*K39) -> 0.93734698 | L86: =L87/(1+LiborTenor*L39) -> 0.93935331 | M86: =M87/(1+LiborTenor*M39) -> 0.93524683 | N86: =N87/(1+LiborTenor*N39) -> 0.94588121 | ... AB86: =AB87/(1+LiborTenor*AB39) -> 0.9884815 | AC86: 1 | AD86: 1 | AE86: 1
F87: =+D40 -> 1.75 | G87: =G88/(1+LiborTenor*G40) -> 0.9296938 | H87: =H88/(1+LiborTenor*H40) -> 0.93721512 | I87: =I88/(1+LiborTenor*I40) -> 0.93712398 | J87: =J88/(1+LiborTenor*J40) -> 0.93881222 | K87: =K88/(1+LiborTenor*K40) -> 0.94789595 | L87: =L88/(1+LiborTenor*L40) -> 0.94953211 | M87: =M88/(1+LiborTenor*M40) -> 0.94618067 | N87: =N88/(1+LiborTenor*N40) -> 0.95680734 | ... Y87: =Y88/(1+LiborTenor*Y40) -> 0.9892043 | Z87: 1 | AA87: 1 | AB87: 1
F88: =+D41 -> 1.5 | G88: =G89/(1+LiborTenor*G41) -> 0.93986233 | H88: =H89/(1+LiborTenor*H41) -> 0.94781385 | I88: =I89/(1+LiborTenor*I41) -> 0.94774001 | J88: =J89/(1+LiborTenor*J41) -> 0.94911424 | K88: =K89/(1+LiborTenor*K41) -> 0.9584071 | L88: =L89/(1+LiborTenor*L41) -> 0.95968704 | M88: =M89/(1+LiborTenor*M41) -> 0.95706321 | N88: =N89/(1+LiborTenor*N41) -> 0.96768625 | ... V88: =V89/(1+LiborTenor*V41) -> 0.98846296 | W88: 1 | X88: 1 | Y88: 1
F89: =+D42 -> 1.25 | G89: =G90/(1+LiborTenor*G42) -> 0.94999522 | H89: =H90/(1+LiborTenor*H42) -> 0.95836385 | I89: =I90/(1+LiborTenor*I42) -> 0.95830645 | J89: =J90/(1+LiborTenor*J42) -> 0.95937944 | K89: =K90/(1+LiborTenor*K42) -> 0.96887677 | L89: =L90/(1+LiborTenor*L42) -> 0.96981473 | M89: =M90/(1+LiborTenor*M42) -> 0.96789045 | N89: =N90/(1+LiborTenor*N42) -> 0.97851397 | ... S89: =S90/(1+LiborTenor*S42) -> 0.98802832 | T89: 1 | U89: 1 | V89: 1
F90: =+D43 -> 1 | G90: =G91/(1+LiborTenor*G43) -> 0.96008892 | H90: =H91/(1+LiborTenor*H43) -> 0.96886129 | I90: =I91/(1+LiborTenor*I43) -> 0.96881948 | J90: =J91/(1+LiborTenor*J43) -> 0.96960423 | K90: =K91/(1+LiborTenor*K43) -> 0.97930127 | L90: =L91/(1+LiborTenor*L43) -> 0.97991177 | M90: =M91/(1+LiborTenor*M43) -> 0.97865835 | N90: =N91/(1+LiborTenor*N43) -> 0.98928654 | ... P90: =P91/(1+LiborTenor*P43) -> 0.98920707 | Q90: 1 | R90: 1 | S90: 1
F91: =+D44 -> 0.75 | G91: =G92/(1+LiborTenor*G44) -> 0.97013985 | H91: =H92/(1+LiborTenor*H44) -> 0.97930235 | I91: =I92/(1+LiborTenor*I44) -> 0.9792753 | J91: =J92/(1+LiborTenor*J44) -> 0.97978502 | K91: =K92/(1+LiborTenor*K44) -> 0.98967692 | L91: =L92/(1+LiborTenor*L44) -> 0.98997469 | M91: =M92/(1+LiborTenor*M44) -> 0.98936287 | N91: 1 | O91: 1 | P91: 1
F92: =+D45 -> 0.5 | G92: =G93/(1+LiborTenor*G45) -> 0.98014442 | H92: =H93/(1+LiborTenor*H45) -> 0.9896832 | I92: =I93/(1+LiborTenor*I45) -> 0.98967007 | J92: =J93/(1+LiborTenor*J45) -> 0.98991815 | K92: 1 | L92: 1 | M92: 1
F93: =+D46 -> 0.25 | G93: =G94/(1+LiborTenor*G46) -> 0.99009901 | H93: 1 | I93: 1 | J93: 1
F94: =+D47 -> 0 | G94: 1
G96: =+G47 -> 0 | H96: =+H47 -> 0.083333333 | I96: =+I47 -> 0.16666667 | J96: =+J47 -> 0.25 | K96: =+K47 -> 0.33333333 | L96: =+L47 -> 0.41666667 | M96: =+M47 -> 0.5 | N96: =+N47 -> 0.58333333 | ... DW96: =+DW47 -> 10

Sheet Volatility
D2: Calculation of the Sum that appears in the drift part of Libor Market Model's SDE
G3: Initial
G4: Forward Libor
D6: Maturity (in years) | F6: =+F47 -> t (years) = | G6: =+G47 -> 0 | H6: =+H47 -> 0.083333333 | I6: =+I47 -> 0.16666667 | J6: =+J47 -> 0.25 | K6: =+K47 -> 0.33333333 | L6: =+L47 -> 0.41666667 | M6: =+M47 -> 0.5 | ... DW6: =+DW47 -> 10
D7: =+ForwardLiborSimulation!D7 -> 10 | F7: =+"L(t;"&D8&","&D7&")" -> L(t;9.75,10) | G7: 0.069 | H7: 0.07 | I7: 0.071 | J7: =+I7 -> 0.071 | K7: =+J7 -> 0.071 | L7: =+K7 -> 0.071 | M7: =+L7 -> 0.071 | N7: =+M7 -> 0.071 | O7: =+N7 -> 0.071 | P7: =+O7 -> 0.071 | Q7: =+P7 -> 0.071 | ... DS7: =+DR7 -> 0.071
D8: =+ForwardLiborSimulation!D8 -> 9.75 | F8: =+"L(t;"&D9&","&D8&")" -> L(t;9.5,9.75) | G8: 0.072 | H8: 0.073 | I8: 0.074 | J8: =+I8 -> 0.074 | K8: =+J8 -> 0.074 | L8: =+K8 -> 0.074 | M8: =+L8 -> 0.074 | N8: =+M8 -> 0.074 | O8: =+N8 -> 0.074 | P8: =+O8 -> 0.074 | Q8: =+P8 -> 0.074 | ... DP8: =+DO8 -> 0.074
D9: =+ForwardLiborSimulation!D9 -> 9.5 | F9: =+"L(t;"&D10&","&D9&")" -> L(t;9.25,9.5) | G9: 0.075 | H9: 0.076 | I9: 0.077 | J9: =+I9 -> 0.077 | K9: =+J9 -> 0.077 | L9: =+K9 -> 0.077 | M9: =+L9 -> 0.077 | N9: =+M9 -> 0.077 | O9: =+N9 -> 0.077 | P9: =+O9 -> 0.077 | Q9: =+P9 -> 0.077 | ... DM9: =+DL9 -> 0.077
D10: =+ForwardLiborSimulation!D10 -> 9.25 | F10: =+"L(t;"&D11&","&D10&")" -> L(t;9,9.25) | G10: 0.078 | H10: 0.079 | I10: 0.08 | J10: =+I10 -> 0.08 | K10: =+J10 -> 0.08 | L10: =+K10 -> 0.08 | M10: =+L10 -> 0.08 | N10: =+M10 -> 0.08 | O10: =+N10 -> 0.08 | P10: =+O10 -> 0.08 | Q10: =+P10 -> 0.08 | ... DJ10: =+DI10 -> 0.08
D11: =+ForwardLiborSimulation!D11 -> 9 | F11: =+"L(t;"&D12&","&D11&")" -> L(t;8.75,9) | G11: 0.081 | H11: 0.082 | I11: 0.083 | J11: =+I11 -> 0.083 | K11: =+J11 -> 0.083 | L11: =+K11 -> 0.083 | M11: =+L11 -> 0.083 | N11: =+M11 -> 0.083 | O11: =+N11 -> 0.083 | P11: =+O11 -> 0.083 | Q11: =+P11 -> 0.083 | ... DG11: =+DF11 -> 0.083
D12: =+ForwardLiborSimulation!D12 -> 8.75 | F12: =+"L(t;"&D13&","&D12&")" -> L(t;8.5,8.75) | G12: 0.084 | H12: 0.085 | I12: 0.086 | J12: =+I12 -> 0.086 | K12: =+J12 -> 0.086 | L12: =+K12 -> 0.086 | M12: =+L12 -> 0.086 | N12: =+M12 -> 0.086 | O12: =+N12 -> 0.086 | P12: =+O12 -> 0.086 | Q12: =+P12 -> 0.086 | ... DD12: =+DC12 -> 0.086
D13: =+ForwardLiborSimulation!D13 -> 8.5 | F13: =+"L(t;"&D14&","&D13&")" -> L(t;8.25,8.5) | G13: 0.087 | H13: 0.088 | I13: 0.089 | J13: =+I13 -> 0.089 | K13: =+J13 -> 0.089 | L13: =+K13 -> 0.089 | M13: =+L13 -> 0.089 | N13: =+M13 -> 0.089 | O13: =+N13 -> 0.089 | P13: =+O13 -> 0.089 | Q13: =+P13 -> 0.089 | ... DA13: =+CZ13 -> 0.089
D14: =+ForwardLiborSimulation!D14 -> 8.25 | F14: =+"L(t;"&D15&","&D14&")" -> L(t;8,8.25) | G14: 0.09 | H14: 0.091 | I14: 0.092 | J14: =+I14 -> 0.092 | K14: =+J14 -> 0.092 | L14: =+K14 -> 0.092 | M14: =+L14 -> 0.092 | N14: =+M14 -> 0.092 | O14: =+N14 -> 0.092 | P14: =+O14 -> 0.092 | Q14: =+P14 -> 0.092 | ... CX14: =+CW14 -> 0.092
D15: =+ForwardLiborSimulation!D15 -> 8 | F15: =+"L(t;"&D16&","&D15&")" -> L(t;7.75,8) | G15: 0.093 | H15: 0.094 | I15: 0.095 | J15: =+I15 -> 0.095 | K15: =+J15 -> 0.095 | L15: =+K15 -> 0.095 | M15: =+L15 -> 0.095 | N15: =+M15 -> 0.095 | O15: =+N15 -> 0.095 | P15: =+O15 -> 0.095 | Q15: =+P15 -> 0.095 | ... CU15: =+CT15 -> 0.095
D16: =+ForwardLiborSimulation!D16 -> 7.75 | F16: =+"L(t;"&D17&","&D16&")" -> L(t;7.5,7.75) | G16: 0.096 | H16: 0.097 | I16: 0.098 | J16: =+I16 -> 0.098 | K16: =+J16 -> 0.098 | L16: =+K16 -> 0.098 | M16: =+L16 -> 0.098 | N16: =+M16 -> 0.098 | O16: =+N16 -> 0.098 | P16: =+O16 -> 0.098 | Q16: =+P16 -> 0.098 | ... CR16: =+CQ16 -> 0.098
D17: =+ForwardLiborSimulation!D17 -> 7.5 | F17: =+"L(t;"&D18&","&D17&")" -> L(t;7.25,7.5) | G17: 0.099 | H17: 0.1 | I17: 0.101 | J17: =+I17 -> 0.101 | K17: =+J17 -> 0.101 | L17: =+K17 -> 0.101 | M17: =+L17 -> 0.101 | N17: =+M17 -> 0.101 | O17: =+N17 -> 0.101 | P17: =+O17 -> 0.101 | Q17: =+P17 -> 0.101 | ... CO17: =+CN17 -> 0.101
D18: =+ForwardLiborSimulation!D18 -> 7.25 | F18: =+"L(t;"&D19&","&D18&")" -> L(t;7,7.25) | G18: 0.102 | H18: 0.103 | I18: 0.104 | J18: =+I18 -> 0.104 | K18: =+J18 -> 0.104 | L18: =+K18 -> 0.104 | M18: =+L18 -> 0.104 | N18: =+M18 -> 0.104 | O18: =+N18 -> 0.104 | P18: =+O18 -> 0.104 | Q18: =+P18 -> 0.104 | ... CL18: =+CK18 -> 0.104
D19: =+ForwardLiborSimulation!D19 -> 7 | F19: =+"L(t;"&D20&","&D19&")" -> L(t;6.75,7) | G19: 0.105 | H19: 0.106 | I19: 0.107 | J19: =+I19 -> 0.107 | K19: =+J19 -> 0.107 | L19: =+K19 -> 0.107 | M19: =+L19 -> 0.107 | N19: =+M19 -> 0.107 | O19: =+N19 -> 0.107 | P19: =+O19 -> 0.107 | Q19: =+P19 -> 0.107 | ... CI19: =+CH19 -> 0.107
D20: =+ForwardLiborSimulation!D20 -> 6.75 | F20: =+"L(t;"&D21&","&D20&")" -> L(t;6.5,6.75) | G20: 0.108 | H20: 0.109 | I20: 0.11 | J20: =+I20 -> 0.11 | K20: =+J20 -> 0.11 | L20: =+K20 -> 0.11 | M20: =+L20 -> 0.11 | N20: =+M20 -> 0.11 | O20: =+N20 -> 0.11 | P20: =+O20 -> 0.11 | Q20: =+P20 -> 0.11 | ... CF20: =+CE20 -> 0.11
D21: =+ForwardLiborSimulation!D21 -> 6.5 | F21: =+"L(t;"&D22&","&D21&")" -> L(t;6.25,6.5) | G21: 0.111 | H21: 0.112 | I21: 0.113 | J21: =+I21 -> 0.113 | K21: =+J21 -> 0.113 | L21: =+K21 -> 0.113 | M21: =+L21 -> 0.113 | N21: =+M21 -> 0.113 | O21: =+N21 -> 0.113 | P21: =+O21 -> 0.113 | Q21: =+P21 -> 0.113 | ... CC21: =+CB21 -> 0.113
D22: =+ForwardLiborSimulation!D22 -> 6.25 | F22: =+"L(t;"&D23&","&D22&")" -> L(t;6,6.25) | G22: 0.114 | H22: 0.115 | I22: 0.116 | J22: =+I22 -> 0.116 | K22: =+J22 -> 0.116 | L22: =+K22 -> 0.116 | M22: =+L22 -> 0.116 | N22: =+M22 -> 0.116 | O22: =+N22 -> 0.116 | P22: =+O22 -> 0.116 | Q22: =+P22 -> 0.116 | ... BZ22: =+BY22 -> 0.116
D23: =+ForwardLiborSimulation!D23 -> 6 | F23: =+"L(t;"&D24&","&D23&")" -> L(t;5.75,6) | G23: 0.117 | H23: 0.118 | I23: 0.119 | J23: =+I23 -> 0.119 | K23: =+J23 -> 0.119 | L23: =+K23 -> 0.119 | M23: =+L23 -> 0.119 | N23: =+M23 -> 0.119 | O23: =+N23 -> 0.119 | P23: =+O23 -> 0.119 | Q23: =+P23 -> 0.119 | ... BW23: =+BV23 -> 0.119
D24: =+ForwardLiborSimulation!D24 -> 5.75 | F24: =+"L(t;"&D25&","&D24&")" -> L(t;5.5,5.75) | G24: 0.12 | H24: 0.121 | I24: 0.122 | J24: =+I24 -> 0.122 | K24: =+J24 -> 0.122 | L24: =+K24 -> 0.122 | M24: =+L24 -> 0.122 | N24: =+M24 -> 0.122 | O24: =+N24 -> 0.122 | P24: =+O24 -> 0.122 | Q24: =+P24 -> 0.122 | ... BT24: =+BS24 -> 0.122
D25: =+ForwardLiborSimulation!D25 -> 5.5 | F25: =+"L(t;"&D26&","&D25&")" -> L(t;5.25,5.5) | G25: 0.123 | H25: 0.124 | I25: 0.125 | J25: =+I25 -> 0.125 | K25: =+J25 -> 0.125 | L25: =+K25 -> 0.125 | M25: =+L25 -> 0.125 | N25: =+M25 -> 0.125 | O25: =+N25 -> 0.125 | P25: =+O25 -> 0.125 | Q25: =+P25 -> 0.125 | ... BQ25: =+BP25 -> 0.125
D26: =+ForwardLiborSimulation!D26 -> 5.25 | F26: =+"L(t;"&D27&","&D26&")" -> L(t;5,5.25) | G26: 0.126 | H26: 0.127 | I26: 0.128 | J26: =+I26 -> 0.128 | K26: =+J26 -> 0.128 | L26: =+K26 -> 0.128 | M26: =+L26 -> 0.128 | N26: =+M26 -> 0.128 | O26: =+N26 -> 0.128 | P26: =+O26 -> 0.128 | Q26: =+P26 -> 0.128 | ... BN26: =+BM26 -> 0.128
D27: =+ForwardLiborSimulation!D27 -> 5 | F27: =+"L(t;"&D28&","&D27&")" -> L(t;4.75,5) | G27: 0.129 | H27: 0.13 | I27: 0.131 | J27: =+I27 -> 0.131 | K27: =+J27 -> 0.131 | L27: =+K27 -> 0.131 | M27: =+L27 -> 0.131 | N27: =+M27 -> 0.131 | O27: =+N27 -> 0.131 | P27: =+O27 -> 0.131 | Q27: =+P27 -> 0.131 | ... BK27: =+BJ27 -> 0.131
D28: =+ForwardLiborSimulation!D28 -> 4.75 | F28: =+"L(t;"&D29&","&D28&")" -> L(t;4.5,4.75) | G28: 0.132 | H28: 0.133 | I28: 0.134 | J28: =+I28 -> 0.134 | K28: =+J28 -> 0.134 | L28: =+K28 -> 0.134 | M28: =+L28 -> 0.134 | N28: =+M28 -> 0.134 | O28: =+N28 -> 0.134 | P28: =+O28 -> 0.134 | Q28: =+P28 -> 0.134 | ... BH28: =+BG28 -> 0.134
D29: =+ForwardLiborSimulation!D29 -> 4.5 | F29: =+"L(t;"&D30&","&D29&")" -> L(t;4.25,4.5) | G29: 0.135 | H29: 0.136 | I29: 0.137 | J29: =+I29 -> 0.137 | K29: =+J29 -> 0.137 | L29: =+K29 -> 0.137 | M29: =+L29 -> 0.137 | N29: =+M29 -> 0.137 | O29: =+N29 -> 0.137 | P29: =+O29 -> 0.137 | Q29: =+P29 -> 0.137 | ... BE29: =+BD29 -> 0.137
D30: =+ForwardLiborSimulation!D30 -> 4.25 | F30: =+"L(t;"&D31&","&D30&")" -> L(t;4,4.25) | G30: 0.138 | H30: 0.139 | I30: 0.14 | J30: =+I30 -> 0.14 | K30: =+J30 -> 0.14 | L30: =+K30 -> 0.14 | M30: =+L30 -> 0.14 | N30: =+M30 -> 0.14 | O30: =+N30 -> 0.14 | P30: =+O30 -> 0.14 | Q30: =+P30 -> 0.14 | ... BB30: =+BA30 -> 0.14
D31: =+ForwardLiborSimulation!D31 -> 4 | F31: =+"L(t;"&D32&","&D31&")" -> L(t;3.75,4) | G31: 0.141 | H31: 0.142 | I31: 0.143 | J31: =+I31 -> 0.143 | K31: =+J31 -> 0.143 | L31: =+K31 -> 0.143 | M31: =+L31 -> 0.143 | N31: =+M31 -> 0.143 | O31: =+N31 -> 0.143 | P31: =+O31 -> 0.143 | Q31: =+P31 -> 0.143 | ... AY31: =+AX31 -> 0.143
D32: =+ForwardLiborSimulation!D32 -> 3.75 | F32: =+"L(t;"&D33&","&D32&")" -> L(t;3.5,3.75) | G32: 0.144 | H32: 0.145 | I32: 0.146 | J32: =+I32 -> 0.146 | K32: =+J32 -> 0.146 | L32: =+K32 -> 0.146 | M32: =+L32 -> 0.146 | N32: =+M32 -> 0.146 | O32: =+N32 -> 0.146 | P32: =+O32 -> 0.146 | Q32: =+P32 -> 0.146 | ... AV32: =+AU32 -> 0.146
D33: =+ForwardLiborSimulation!D33 -> 3.5 | F33: =+"L(t;"&D34&","&D33&")" -> L(t;3.25,3.5) | G33: 0.147 | H33: 0.148 | I33: 0.149 | J33: =+I33 -> 0.149 | K33: =+J33 -> 0.149 | L33: =+K33 -> 0.149 | M33: =+L33 -> 0.149 | N33: =+M33 -> 0.149 | O33: =+N33 -> 0.149 | P33: =+O33 -> 0.149 | Q33: =+P33 -> 0.149 | ... AS33: =+AR33 -> 0.149
D34: =+ForwardLiborSimulation!D34 -> 3.25 | F34: =+"L(t;"&D35&","&D34&")" -> L(t;3,3.25) | G34: 0.15 | H34: 0.15 | I34: 0.15 | J34: =+I34 -> 0.15 | K34: =+J34 -> 0.15 | L34: =+K34 -> 0.15 | M34: =+L34 -> 0.15 | N34: =+M34 -> 0.15 | O34: =+N34 -> 0.15 | P34: =+O34 -> 0.15 | Q34: =+P34 -> 0.15 | ... AP34: =+AO34 -> 0.15
D35: =+ForwardLiborSimulation!D35 -> 3 | F35: =+"L(t;"&D36&","&D35&")" -> L(t;2.75,3) | G35: 0.15 | H35: 0.15 | I35: 0.15 | J35: =+I35 -> 0.15 | K35: =+J35 -> 0.15 | L35: =+K35 -> 0.15 | M35: =+L35 -> 0.15 | N35: =+M35 -> 0.15 | O35: =+N35 -> 0.15 | P35: =+O35 -> 0.15 | Q35: =+P35 -> 0.15 | ... AM35: =+AL35 -> 0.15
D36: =+ForwardLiborSimulation!D36 -> 2.75 | F36: =+"L(t;"&D37&","&D36&")" -> L(t;2.5,2.75) | G36: 0.15 | H36: 0.15 | I36: 0.15 | J36: =+I36 -> 0.15 | K36: =+J36 -> 0.15 | L36: =+K36 -> 0.15 | M36: =+L36 -> 0.15 | N36: =+M36 -> 0.15 | O36: =+N36 -> 0.15 | P36: =+O36 -> 0.15 | Q36: =+P36 -> 0.15 | ... AJ36: =+AI36 -> 0.15
D37: =+ForwardLiborSimulation!D37 -> 2.5 | F37: =+"L(t;"&D38&","&D37&")" -> L(t;2.25,2.5) | G37: 0.15 | H37: 0.15 | I37: 0.15 | J37: =+I37 -> 0.15 | K37: =+J37 -> 0.15 | L37: =+K37 -> 0.15 | M37: =+L37 -> 0.15 | N37: =+M37 -> 0.15 | O37: =+N37 -> 0.15 | P37: =+O37 -> 0.15 | Q37: =+P37 -> 0.15 | ... AG37: =+AF37 -> 0.15
D38: =+ForwardLiborSimulation!D38 -> 2.25 | F38: =+"L(t;"&D39&","&D38&")" -> L(t;2,2.25) | G38: 0.148 | H38: 0.146 | I38: 0.144 | J38: =+I38 -> 0.144 | K38: =+J38 -> 0.144 | L38: =+K38 -> 0.144 | M38: =+L38 -> 0.144 | N38: =+M38 -> 0.144 | O38: =+N38 -> 0.144 | P38: =+O38 -> 0.144 | Q38: =+P38 -> 0.144 | ... AD38: =+AC38 -> 0.144
D39: =+ForwardLiborSimulation!D39 -> 2 | F39: =+"L(t;"&D40&","&D39&")" -> L(t;1.75,2) | G39: 0.142 | H39: 0.14 | I39: 0.138 | J39: =+I39 -> 0.138 | K39: =+J39 -> 0.138 | L39: =+K39 -> 0.138 | M39: =+L39 -> 0.138 | N39: =+M39 -> 0.138 | O39: =+N39 -> 0.138 | P39: =+O39 -> 0.138 | Q39: =+P39 -> 0.138 | ... AA39: =+Z39 -> 0.138
D40: =+ForwardLiborSimulation!D40 -> 1.75 | F40: =+"L(t;"&D41&","&D40&")" -> L(t;1.5,1.75) | G40: 0.136 | H40: 0.134 | I40: 0.132 | J40: =+I40 -> 0.132 | K40: =+J40 -> 0.132 | L40: =+K40 -> 0.132 | M40: =+L40 -> 0.132 | N40: =+M40 -> 0.132 | O40: =+N40 -> 0.132 | P40: =+O40 -> 0.132 | Q40: =+P40 -> 0.132 | ... X40: =+W40 -> 0.132
D41: =+ForwardLiborSimulation!D41 -> 1.5 | F41: =+"L(t;"&D42&","&D41&")" -> L(t;1.25,1.5) | G41: 0.13 | H41: 0.128 | I41: 0.126 | J41: =+I41 -> 0.126 | K41: =+J41 -> 0.126 | L41: =+K41 -> 0.126 | M41: =+L41 -> 0.126 | N41: =+M41 -> 0.126 | O41: =+N41 -> 0.126 | P41: =+O41 -> 0.126 | Q41: =+P41 -> 0.126 | ... U41: =+T41 -> 0.126
D42: =+ForwardLiborSimulation!D42 -> 1.25 | F42: =+"L(t;"&D43&","&D42&")" -> L(t;1,1.25) | G42: 0.124 | H42: 0.122 | I42: 0.12 | J42: =+I42 -> 0.12 | K42: =+J42 -> 0.12 | L42: =+K42 -> 0.12 | M42: =+L42 -> 0.12 | N42: =+M42 -> 0.12 | O42: =+N42 -> 0.12 | P42: =+O42 -> 0.12 | Q42: =+P42 -> 0.12 | R42: =+Q42 -> 0.12
D43: =+ForwardLiborSimulation!D43 -> 1 | F43: =+"L(t;"&D44&","&D43&")" -> L(t;0.75,1) | G43: 0.118 | H43: 0.116 | I43: 0.114 | J43: =+I43 -> 0.114 | K43: =+J43 -> 0.114 | L43: =+K43 -> 0.114 | M43: =+L43 -> 0.114 | N43: =+M43 -> 0.114 | O43: =+N43 -> 0.114
D44: =+ForwardLiborSimulation!D44 -> 0.75 | F44: =+"L(t;"&D45&","&D44&")" -> L(t;0.5,0.75) | G44: 0.112 | H44: 0.11 | I44: 0.108 | J44: =+I44 -> 0.108 | K44: =+J44 -> 0.108 | L44: =+K44 -> 0.108
D45: =+ForwardLiborSimulation!D45 -> 0.5 | F45: =+"L(t;"&D46&","&D45&")" -> L(t;0.25,0.5) | G45: 0.106 | H45: 0.104 | I45: 0.102
D46: =+ForwardLiborSimulation!D46 -> 0.25 | F46: =+"L(t;"&D47&","&D46&")" -> L(t;0,0.25)
D47: =+ForwardLiborSimulation!D47 -> 0 | F47: t (years) = | G47: =+ForwardLiborSimulation!G47 -> 0 | H47: =+ForwardLiborSimulation!H47 -> 0.083333333 | I47: =+ForwardLiborSimulation!I47 -> 0.16666667 | J47: =+ForwardLiborSimulation!J47 -> 0.25 | K47: =+ForwardLiborSimulation!K47 -> 0.33333333 | L47: =+ForwardLiborSimulation!L47 -> 0.41666667 | M47: =+ForwardLiborSimulation!M47 -> 0.5 | N47: =+ForwardLiborSimulation!N47 -> 0.58333333 | ... DW47: =+ForwardLiborSimulation!DW47 -> 10

Sheet DriftSum
D2: Calculation of the Summation Term that appears in the drift part of Libor Market Model's SDE
G3: Initial
G4: Forward Libor
D6: Maturity (in years) | F6: =+F47 -> t (years) = | G6: =+G47 -> 0 | H6: =+H47 -> 0.083333333 | I6: =+I47 -> 0.16666667 | J6: =+J47 -> 0.25 | K6: =+K47 -> 0.33333333 | L6: =+L47 -> 0.41666667 | M6: =+M47 -> 0.5 | ... DW6: =+DW47 -> 10
D7: =+ForwardLiborSimulation!D7 -> 10 | F7: =+"L(t;"&D8&","&D7&")" -> L(t;9.75,10) | H7: 0 | I7: 0 | J7: 0 | K7: 0 | L7: 0 | M7: 0 | N7: 0 | O7: 0 | P7: 0 | Q7: 0 | R7: 0 | S7: 0 | T7: 0 | U7: 0 | V7: 0 | W7: 0 | X7: 0 | Y7: 0 | Z7: 0 | AA7: 0 | AB7: 0 | AC7: 0 | AD7: 0 | AE7: 0 | AF7: 0 | AG7: 0 | AH7: 0 | AI7: 0 | AJ7: 0 | AK7: 0 | AL7: 0 | AM7: 0 | AN7: 0 | AO7: 0 | AP7: 0 | AQ7: 0 | AR7: 0 | AS7: 0 | AT7: 0 | AU7: 0 | AV7: 0 | AW7: 0 | AX7: 0 | AY7: 0 | AZ7: 0 | BA7: 0 | BB7: 0 | BC7: 0 | BD7: 0 | BE7: 0 | BF7: 0 | BG7: 0 | BH7: 0 | BI7: 0 | BJ7: 0 | BK7: 0 | BL7: 0 | BM7: 0 | BN7: 0 | BO7: 0 | BP7: 0 | BQ7: 0 | BR7: 0 | BS7: 0 | BT7: 0 | BU7: 0 | BV7: 0 | BW7: 0 | BX7: 0 | BY7: 0 | BZ7: 0 | CA7: 0 | CB7: 0 | CC7: 0 | CD7: 0 | CE7: 0 | CF7: 0 | CG7: 0 | CH7: 0 | CI7: 0 | CJ7: 0 | CK7: 0 | CL7: 0 | CM7: 0 | CN7: 0 | CO7: 0 | CP7: 0 | CQ7: 0 | CR7: 0 | CS7: 0 | CT7: 0 | CU7: 0 | CV7: 0 | CW7: 0 | CX7: 0 | CY7: 0 | CZ7: 0 | DA7: 0 | DB7: 0 | DC7: 0 | DD7: 0 | DE7: 0 | DF7: 0 | DG7: 0 | DH7: 0 | DI7: 0 | DJ7: 0 | DK7: 0 | DL7: 0 | DM7: 0 | DN7: 0 | DO7: 0 | DP7: 0 | DQ7: 0 | DR7: 0 | DS7: 0 | DT7: 0
D8: =+ForwardLiborSimulation!D8 -> 9.75 | F8: =+"L(t;"&D9&","&D8&")" -> L(t;9.5,9.75) | H8: =+H7+(LiborTenor*Volatility!G7*ForwardLiborSimulation!G7)/(1+LiborTenor*ForwardLiborSimulation!G7) -> 0.00085185185 | I8: =+I7+(LiborTenor*Volatility!H7*ForwardLiborSimulation!H7)/(1+LiborTenor*ForwardLiborSimulation!H7) -> 0.00087911515 | J8: =+J7+(LiborTenor*Volatility!I7*ForwardLiborSimulation!I7)/(1+LiborTenor*ForwardLiborSimulation!I7) -> 0.00089271064 | K8: =+K7+(LiborTenor*Volatility!J7*ForwardLiborSimulation!J7)/(1+LiborTenor*ForwardLiborSimulation!J7) -> 0.00087810273 | L8: =+L7+(LiborTenor*Volatility!K7*ForwardLiborSimulation!K7)/(1+LiborTenor*ForwardLiborSimulation!K7) -> 0.00088324665 | M8: =+M7+(LiborTenor*Volatility!L7*ForwardLiborSimulation!L7)/(1+LiborTenor*ForwardLiborSimulation!L7) -> 0.00086680153 | N8: =+N7+(LiborTenor*Volatility!M7*ForwardLiborSimulation!M7)/(1+LiborTenor*ForwardLiborSimulation!M7) -> 0.00090175843 | O8: =+O7+(LiborTenor*Volatility!N7*ForwardLiborSimulation!N7)/(1+LiborTenor*ForwardLiborSimulation!N7) -> 0.00089653391 | ... DQ8: =+DQ7+(LiborTenor*Volatility!DP7*ForwardLiborSimulation!DP7)/(1+LiborTenor*ForwardLiborSimulation!DP7) -> 0.0011397166
D9: =+ForwardLiborSimulation!D9 -> 9.5 | F9: =+"L(t;"&D10&","&D9&")" -> L(t;9.25,9.5) | H9: =+H8+(LiborTenor*Volatility!G8*ForwardLiborSimulation!G8)/(1+LiborTenor*ForwardLiborSimulation!G8) -> 0.0017407407 | I9: =+I8+(LiborTenor*Volatility!H8*ForwardLiborSimulation!H8)/(1+LiborTenor*ForwardLiborSimulation!H8) -> 0.0017965783 | J9: =+J8+(LiborTenor*Volatility!I8*ForwardLiborSimulation!I8)/(1+LiborTenor*ForwardLiborSimulation!I8) -> 0.0018238645 | K9: =+K8+(LiborTenor*Volatility!J8*ForwardLiborSimulation!J8)/(1+LiborTenor*ForwardLiborSimulation!J8) -> 0.0017933708 | L9: =+L8+(LiborTenor*Volatility!K8*ForwardLiborSimulation!K8)/(1+LiborTenor*ForwardLiborSimulation!K8) -> 0.001804098 | M9: =+M8+(LiborTenor*Volatility!L8*ForwardLiborSimulation!L8)/(1+LiborTenor*ForwardLiborSimulation!L8) -> 0.0017697781 | N9: =+N8+(LiborTenor*Volatility!M8*ForwardLiborSimulation!M8)/(1+LiborTenor*ForwardLiborSimulation!M8) -> 0.0018426841 | O9: =+O8+(LiborTenor*Volatility!N8*ForwardLiborSimulation!N8)/(1+LiborTenor*ForwardLiborSimulation!N8) -> 0.0018317727 | ... DN9: =+DN8+(LiborTenor*Volatility!DM8*ForwardLiborSimulation!DM8)/(1+LiborTenor*ForwardLiborSimulation!DM8) -> 0.0023162658
D10: =+ForwardLiborSimulation!D10 -> 9.25 | F10: =+"L(t;"&D11&","&D10&")" -> L(t;9,9.25) | H10: =+H9+(LiborTenor*Volatility!G9*ForwardLiborSimulation!G9)/(1+LiborTenor*ForwardLiborSimulation!G9) -> 0.0026666667 | I10: =+I9+(LiborTenor*Volatility!H9*ForwardLiborSimulation!H9)/(1+LiborTenor*ForwardLiborSimulation!H9) -> 0.0027524442 | J10: =+J9+(LiborTenor*Volatility!I9*ForwardLiborSimulation!I9)/(1+LiborTenor*ForwardLiborSimulation!I9) -> 0.0027935191 | K10: =+K9+(LiborTenor*Volatility!J9*ForwardLiborSimulation!J9)/(1+LiborTenor*ForwardLiborSimulation!J9) -> 0.0027458063 | L10: =+L9+(LiborTenor*Volatility!K9*ForwardLiborSimulation!K9)/(1+LiborTenor*ForwardLiborSimulation!K9) -> 0.0027625735 | M10: =+M9+(LiborTenor*Volatility!L9*ForwardLiborSimulation!L9)/(1+LiborTenor*ForwardLiborSimulation!L9) -> 0.0027088885 | N10: =+N9+(LiborTenor*Volatility!M9*ForwardLiborSimulation!M9)/(1+LiborTenor*ForwardLiborSimulation!M9) -> 0.0028228564 | O10: =+O9+(LiborTenor*Volatility!N9*ForwardLiborSimulation!N9)/(1+LiborTenor*ForwardLiborSimulation!N9) -> 0.002805775 | ... DK10: =+DK9+(LiborTenor*Volatility!DJ9*ForwardLiborSimulation!DJ9)/(1+LiborTenor*ForwardLiborSimulation!DJ9) -> 0.0035341794
D11: =+ForwardLiborSimulation!D11 -> 9 | F11: =+"L(t;"&D12&","&D11&")" -> L(t;8.75,9) | H11: =+H10+(LiborTenor*Volatility!G10*ForwardLiborSimulation!G10)/(1+LiborTenor*ForwardLiborSimulation!G10) -> 0.0036296296 | I11: =+I10+(LiborTenor*Volatility!H10*ForwardLiborSimulation!H10)/(1+LiborTenor*ForwardLiborSimulation!H10) -> 0.0037467671 | J11: =+J10+(LiborTenor*Volatility!I10*ForwardLiborSimulation!I10)/(1+LiborTenor*ForwardLiborSimulation!I10) -> 0.0038017316 | K11: =+K10+(LiborTenor*Volatility!J10*ForwardLiborSimulation!J10)/(1+LiborTenor*ForwardLiborSimulation!J10) -> 0.0037354111 | L11: =+L10+(LiborTenor*Volatility!K10*ForwardLiborSimulation!K10)/(1+LiborTenor*ForwardLiborSimulation!K10) -> 0.0037586923 | M11: =+M10+(LiborTenor*Volatility!L10*ForwardLiborSimulation!L10)/(1+LiborTenor*ForwardLiborSimulation!L10) -> 0.0036840911 | N11: =+N10+(LiborTenor*Volatility!M10*ForwardLiborSimulation!M10)/(1+LiborTenor*ForwardLiborSimulation!M10) -> 0.0038423535 | O11: =+O10+(LiborTenor*Volatility!N10*ForwardLiborSimulation!N10)/(1+LiborTenor*ForwardLiborSimulation!N10) -> 0.003818598 | ... DH11: =+DH10+(LiborTenor*Volatility!DG10*ForwardLiborSimulation!DG10)/(1+LiborTenor*ForwardLiborSimulation!DG10) -> 0.0047058441
D12: =+ForwardLiborSimulation!D12 -> 8.75 | F12: =+"L(t;"&D13&","&D12&")" -> L(t;8.5,8.75) | H12: =+H11+(LiborTenor*Volatility!G11*ForwardLiborSimulation!G11)/(1+LiborTenor*ForwardLiborSimulation!G11) -> 0.0046296296 | I12: =+I11+(LiborTenor*Volatility!H11*ForwardLiborSimulation!H11)/(1+LiborTenor*ForwardLiborSimulation!H11) -> 0.0047796016 | J12: =+J11+(LiborTenor*Volatility!I11*ForwardLiborSimulation!I11)/(1+LiborTenor*ForwardLiborSimulation!I11) -> 0.004848559 | K12: =+K11+(LiborTenor*Volatility!J11*ForwardLiborSimulation!J11)/(1+LiborTenor*ForwardLiborSimulation!J11) -> 0.0047621863 | L12: =+L11+(LiborTenor*Volatility!K11*ForwardLiborSimulation!K11)/(1+LiborTenor*ForwardLiborSimulation!K11) -> 0.0047924726 | M12: =+M11+(LiborTenor*Volatility!L11*ForwardLiborSimulation!L11)/(1+LiborTenor*ForwardLiborSimulation!L11) -> 0.0046953433 | N12: =+N11+(LiborTenor*Volatility!M11*ForwardLiborSimulation!M11)/(1+LiborTenor*ForwardLiborSimulation!M11) -> 0.0049012527 | O12: =+O11+(LiborTenor*Volatility!N11*ForwardLiborSimulation!N11)/(1+LiborTenor*ForwardLiborSimulation!N11) -> 0.0048702979 | ... DE12: =+DE11+(LiborTenor*Volatility!DD11*ForwardLiborSimulation!DD11)/(1+LiborTenor*ForwardLiborSimulation!DD11) -> 0.0057996783
D13: =+ForwardLiborSimulation!D13 -> 8.5 | F13: =+"L(t;"&D14&","&D13&")" -> L(t;8.25,8.5) | H13: =+H12+(LiborTenor*Volatility!G12*ForwardLiborSimulation!G12)/(1+LiborTenor*ForwardLiborSimulation!G12) -> 0.0056666667 | I13: =+I12+(LiborTenor*Volatility!H12*ForwardLiborSimulation!H12)/(1+LiborTenor*ForwardLiborSimulation!H12) -> 0.0058510019 | J13: =+J12+(LiborTenor*Volatility!I12*ForwardLiborSimulation!I12)/(1+LiborTenor*ForwardLiborSimulation!I12) -> 0.005934058 | K13: =+K12+(LiborTenor*Volatility!J12*ForwardLiborSimulation!J12)/(1+LiborTenor*ForwardLiborSimulation!J12) -> 0.0058261329 | L13: =+L12+(LiborTenor*Volatility!K12*ForwardLiborSimulation!K12)/(1+LiborTenor*ForwardLiborSimulation!K12) -> 0.0058639326 | M13: =+M12+(LiborTenor*Volatility!L12*ForwardLiborSimulation!L12)/(1+LiborTenor*ForwardLiborSimulation!L12) -> 0.0057426019 | N13: =+N12+(LiborTenor*Volatility!M12*ForwardLiborSimulation!M12)/(1+LiborTenor*ForwardLiborSimulation!M12) -> 0.0059996302 | O13: =+O12+(LiborTenor*Volatility!N12*ForwardLiborSimulation!N12)/(1+LiborTenor*ForwardLiborSimulation!N12) -> 0.0059609295 | ... DB13: =+DB12+(LiborTenor*Volatility!DA12*ForwardLiborSimulation!DA12)/(1+LiborTenor*ForwardLiborSimulation!DA12) -> 0.0070467282
D14: =+ForwardLiborSimulation!D14 -> 8.25 | F14: =+"L(t;"&D15&","&D14&")" -> L(t;8,8.25) | H14: =+H13+(LiborTenor*Volatility!G13*ForwardLiborSimulation!G13)/(1+LiborTenor*ForwardLiborSimulation!G13) -> 0.0067407407 | I14: =+I13+(LiborTenor*Volatility!H13*ForwardLiborSimulation!H13)/(1+LiborTenor*ForwardLiborSimulation!H13) -> 0.006961022 | J14: =+J13+(LiborTenor*Volatility!I13*ForwardLiborSimulation!I13)/(1+LiborTenor*ForwardLiborSimulation!I13) -> 0.0070582852 | K14: =+K13+(LiborTenor*Volatility!J13*ForwardLiborSimulation!J13)/(1+LiborTenor*ForwardLiborSimulation!J13) -> 0.0069272512 | L14: =+L13+(LiborTenor*Volatility!K13*ForwardLiborSimulation!K13)/(1+LiborTenor*ForwardLiborSimulation!K13) -> 0.0069730893 | M14: =+M13+(LiborTenor*Volatility!L13*ForwardLiborSimulation!L13)/(1+LiborTenor*ForwardLiborSimulation!L13) -> 0.0068258232 | N14: =+N13+(LiborTenor*Volatility!M13*ForwardLiborSimulation!M13)/(1+LiborTenor*ForwardLiborSimulation!M13) -> 0.007137561 | O14: =+O13+(LiborTenor*Volatility!N13*ForwardLiborSimulation!N13)/(1+LiborTenor*ForwardLiborSimulation!N13) -> 0.0070905467 | ... CY14: =+CY13+(LiborTenor*Volatility!CX13*ForwardLiborSimulation!CX13)/(1+LiborTenor*ForwardLiborSimulation!CX13) -> 0.0079486945
D15: =+ForwardLiborSimulation!D15 -> 8 | F15: =+"L(t;"&D16&","&D15&")" -> L(t;7.75,8) | H15: =+H14+(LiborTenor*Volatility!G14*ForwardLiborSimulation!G14)/(1+LiborTenor*ForwardLiborSimulation!G14) -> 0.0078518519 | I15: =+I14+(LiborTenor*Volatility!H14*ForwardLiborSimulation!H14)/(1+LiborTenor*ForwardLiborSimulation!H14) -> 0.0081097162 | J15: =+J14+(LiborTenor*Volatility!I14*ForwardLiborSimulation!I14)/(1+LiborTenor*ForwardLiborSimulation!I14) -> 0.008221297 | K15: =+K14+(LiborTenor*Volatility!J14*ForwardLiborSimulation!J14)/(1+LiborTenor*ForwardLiborSimulation!J14) -> 0.0080655411 | L15: =+L14+(LiborTenor*Volatility!K14*ForwardLiborSimulation!K14)/(1+LiborTenor*ForwardLiborSimulation!K14) -> 0.0081199596 | M15: =+M14+(LiborTenor*Volatility!L14*ForwardLiborSimulation!L14)/(1+LiborTenor*ForwardLiborSimulation!L14) -> 0.0079449623 | N15: =+N14+(LiborTenor*Volatility!M14*ForwardLiborSimulation!M14)/(1+LiborTenor*ForwardLiborSimulation!M14) -> 0.0083151191 | O15: =+O14+(LiborTenor*Volatility!N14*ForwardLiborSimulation!N14)/(1+LiborTenor*ForwardLiborSimulation!N14) -> 0.0082592015 | ... CV15: =+CV14+(LiborTenor*Volatility!CU14*ForwardLiborSimulation!CU14)/(1+LiborTenor*ForwardLiborSimulation!CU14) -> 0.0089514515
D16: =+ForwardLiborSimulation!D16 -> 7.75 | F16: =+"L(t;"&D17&","&D16&")" -> L(t;7.5,7.75) | H16: =+H15+(LiborTenor*Volatility!G15*ForwardLiborSimulation!G15)/(1+LiborTenor*ForwardLiborSimulation!G15) -> 0.009 | I16: =+I15+(LiborTenor*Volatility!H15*ForwardLiborSimulation!H15)/(1+LiborTenor*ForwardLiborSimulation!H15) -> 0.0092971382 | J16: =+J15+(LiborTenor*Volatility!I15*ForwardLiborSimulation!I15)/(1+LiborTenor*ForwardLiborSimulation!I15) -> 0.0094231494 | K16: =+K15+(LiborTenor*Volatility!J15*ForwardLiborSimulation!J15)/(1+LiborTenor*ForwardLiborSimulation!J15) -> 0.0092410019 | L16: =+L15+(LiborTenor*Volatility!K15*ForwardLiborSimulation!K15)/(1+LiborTenor*ForwardLiborSimulation!K15) -> 0.0093045595 | M16: =+M15+(LiborTenor*Volatility!L15*ForwardLiborSimulation!L15)/(1+LiborTenor*ForwardLiborSimulation!L15) -> 0.009099974 | N16: =+N15+(LiborTenor*Volatility!M15*ForwardLiborSimulation!M15)/(1+LiborTenor*ForwardLiborSimulation!M15) -> 0.0095323774 | O16: =+O15+(LiborTenor*Volatility!N15*ForwardLiborSimulation!N15)/(1+LiborTenor*ForwardLiborSimulation!N15) -> 0.0094669451 | ... CS16: =+CS15+(LiborTenor*Volatility!CR15*ForwardLiborSimulation!CR15)/(1+LiborTenor*ForwardLiborSimulation!CR15) -> 0.0099184624
D17: =+ForwardLiborSimulation!D17 -> 7.5 | F17: =+"L(t;"&D18&","&D17&")" -> L(t;7.25,7.5) | H17: =+H16+(LiborTenor*Volatility!G16*ForwardLiborSimulation!G16)/(1+LiborTenor*ForwardLiborSimulation!G16) -> 0.010185185 | I17: =+I16+(LiborTenor*Volatility!H16*ForwardLiborSimulation!H16)/(1+LiborTenor*ForwardLiborSimulation!H16) -> 0.010523342 | J17: =+J16+(LiborTenor*Volatility!I16*ForwardLiborSimulation!I16)/(1+LiborTenor*ForwardLiborSimulation!I16) -> 0.010663898 | K17: =+K16+(LiborTenor*Volatility!J16*ForwardLiborSimulation!J16)/(1+LiborTenor*ForwardLiborSimulation!J16) -> 0.010453633 | L17: =+L16+(LiborTenor*Volatility!K16*ForwardLiborSimulation!K16)/(1+LiborTenor*ForwardLiborSimulation!K16) -> 0.010526905 | M17: =+M16+(LiborTenor*Volatility!L16*ForwardLiborSimulation!L16)/(1+LiborTenor*ForwardLiborSimulation!L16) -> 0.010290812 | N17: =+N16+(LiborTenor*Volatility!M16*ForwardLiborSimulation!M16)/(1+LiborTenor*ForwardLiborSimulation!M16) -> 0.010789407 | O17: =+O16+(LiborTenor*Volatility!N16*ForwardLiborSimulation!N16)/(1+LiborTenor*ForwardLiborSimulation!N16) -> 0.010713827 | ... CP17: =+CP16+(LiborTenor*Volatility!CO16*ForwardLiborSimulation!CO16)/(1+LiborTenor*ForwardLiborSimulation!CO16) -> 0.010472233
D18: =+ForwardLiborSimulation!D18 -> 7.25 | F18: =+"L(t;"&D19&","&D18&")" -> L(t;7,7.25) | H18: =+H17+(LiborTenor*Volatility!G17*ForwardLiborSimulation!G17)/(1+LiborTenor*ForwardLiborSimulation!G17) -> 0.011407407 | I18: =+I17+(LiborTenor*Volatility!H17*ForwardLiborSimulation!H17)/(1+LiborTenor*ForwardLiborSimulation!H17) -> 0.011788381 | J18: =+J17+(LiborTenor*Volatility!I17*ForwardLiborSimulation!I17)/(1+LiborTenor*ForwardLiborSimulation!I17) -> 0.011943599 | K18: =+K17+(LiborTenor*Volatility!J17*ForwardLiborSimulation!J17)/(1+LiborTenor*ForwardLiborSimulation!J17) -> 0.011703432 | L18: =+L17+(LiborTenor*Volatility!K17*ForwardLiborSimulation!K17)/(1+LiborTenor*ForwardLiborSimulation!K17) -> 0.011787009 | M18: =+M17+(LiborTenor*Volatility!L17*ForwardLiborSimulation!L17)/(1+LiborTenor*ForwardLiborSimulation!L17) -> 0.011517429 | N18: =+N17+(LiborTenor*Volatility!M17*ForwardLiborSimulation!M17)/(1+LiborTenor*ForwardLiborSimulation!M17) -> 0.012086279 | O18: =+O17+(LiborTenor*Volatility!N17*ForwardLiborSimulation!N17)/(1+LiborTenor*ForwardLiborSimulation!N17) -> 0.011999895 | ... CM18: =+CM17+(LiborTenor*Volatility!CL17*ForwardLiborSimulation!CL17)/(1+LiborTenor*ForwardLiborSimulation!CL17) -> 0.012566405
D19: =+ForwardLiborSimulation!D19 -> 7 | F19: =+"L(t;"&D20&","&D19&")" -> L(t;6.75,7) | H19: =+H18+(LiborTenor*Volatility!G18*ForwardLiborSimulation!G18)/(1+LiborTenor*ForwardLiborSimulation!G18) -> 0.012666667 | I19: =+I18+(LiborTenor*Volatility!H18*ForwardLiborSimulation!H18)/(1+LiborTenor*ForwardLiborSimulation!H18) -> 0.013092309 | J19: =+J18+(LiborTenor*Volatility!I18*ForwardLiborSimulation!I18)/(1+LiborTenor*ForwardLiborSimulation!I18) -> 0.013262307 | K19: =+K18+(LiborTenor*Volatility!J18*ForwardLiborSimulation!J18)/(1+LiborTenor*ForwardLiborSimulation!J18) -> 0.012990397 | L19: =+L18+(LiborTenor*Volatility!K18*ForwardLiborSimulation!K18)/(1+LiborTenor*ForwardLiborSimulation!K18) -> 0.013084888 | M19: =+M18+(LiborTenor*Volatility!L18*ForwardLiborSimulation!L18)/(1+LiborTenor*ForwardLiborSimulation!L18) -> 0.012779778 | N19: =+N18+(LiborTenor*Volatility!M18*ForwardLiborSimulation!M18)/(1+LiborTenor*ForwardLiborSimulation!M18) -> 0.013423063 | O19: =+O18+(LiborTenor*Volatility!N18*ForwardLiborSimulation!N18)/(1+LiborTenor*ForwardLiborSimulation!N18) -> 0.013325197 | ... CJ19: =+CJ18+(LiborTenor*Volatility!CI18*ForwardLiborSimulation!CI18)/(1+LiborTenor*ForwardLiborSimulation!CI18) -> 0.014044486
D20: =+ForwardLiborSimulation!D20 -> 6.75 | F20: =+"L(t;"&D21&","&D20&")" -> L(t;6.5,6.75) | H20: =+H19+(LiborTenor*Volatility!G19*ForwardLiborSimulation!G19)/(1+LiborTenor*ForwardLiborSimulation!G19) -> 0.013962963 | I20: =+I19+(LiborTenor*Volatility!H19*ForwardLiborSimulation!H19)/(1+LiborTenor*ForwardLiborSimulation!H19) -> 0.014435179 | J20: =+J19+(LiborTenor*Volatility!I19*ForwardLiborSimulation!I19)/(1+LiborTenor*ForwardLiborSimulation!I19) -> 0.014620078 | K20: =+K19+(LiborTenor*Volatility!J19*ForwardLiborSimulation!J19)/(1+LiborTenor*ForwardLiborSimulation!J19) -> 0.014314526 | L20: =+L19+(LiborTenor*Volatility!K19*ForwardLiborSimulation!K19)/(1+LiborTenor*ForwardLiborSimulation!K19) -> 0.014420555 | M20: =+M19+(LiborTenor*Volatility!L19*ForwardLiborSimulation!L19)/(1+LiborTenor*ForwardLiborSimulation!L19) -> 0.014077809 | N20: =+N19+(LiborTenor*Volatility!M19*ForwardLiborSimulation!M19)/(1+LiborTenor*ForwardLiborSimulation!M19) -> 0.014799825 | O20: =+O19+(LiborTenor*Volatility!N19*ForwardLiborSimulation!N19)/(1+LiborTenor*ForwardLiborSimulation!N19) -> 0.014689777 | ... CG20: =+CG19+(LiborTenor*Volatility!CF19*ForwardLiborSimulation!CF19)/(1+LiborTenor*ForwardLiborSimulation!CF19) -> 0.015821653
D21: =+ForwardLiborSimulation!D21 -> 6.5 | F21: =+"L(t;"&D22&","&D21&")" -> L(t;6.25,6.5) | H21: =+H20+(LiborTenor*Volatility!G20*ForwardLiborSimulation!G20)/(1+LiborTenor*ForwardLiborSimulation!G20) -> 0.015296296 | I21: =+I20+(LiborTenor*Volatility!H20*ForwardLiborSimulation!H20)/(1+LiborTenor*ForwardLiborSimulation!H20) -> 0.015817045 | J21: =+J20+(LiborTenor*Volatility!I20*ForwardLiborSimulation!I20)/(1+LiborTenor*ForwardLiborSimulation!I20) -> 0.016016965 | K21: =+K20+(LiborTenor*Volatility!J20*ForwardLiborSimulation!J20)/(1+LiborTenor*ForwardLiborSimulation!J20) -> 0.015675815 | L21: =+L20+(LiborTenor*Volatility!K20*ForwardLiborSimulation!K20)/(1+LiborTenor*ForwardLiborSimulation!K20) -> 0.015794022 | M21: =+M20+(LiborTenor*Volatility!L20*ForwardLiborSimulation!L20)/(1+LiborTenor*ForwardLiborSimulation!L20) -> 0.015411474 | N21: =+N20+(LiborTenor*Volatility!M20*ForwardLiborSimulation!M20)/(1+LiborTenor*ForwardLiborSimulation!M20) -> 0.016216633 | O21: =+O20+(LiborTenor*Volatility!N20*ForwardLiborSimulation!N20)/(1+LiborTenor*ForwardLiborSimulation!N20) -> 0.01609368 | ... CD21: =+CD20+(LiborTenor*Volatility!CC20*ForwardLiborSimulation!CC20)/(1+LiborTenor*ForwardLiborSimulation!CC20) -> 0.017222623
D22: =+ForwardLiborSimulation!D22 -> 6.25 | F22: =+"L(t;"&D23&","&D22&")" -> L(t;6,6.25) | H22: =+H21+(LiborTenor*Volatility!G21*ForwardLiborSimulation!G21)/(1+LiborTenor*ForwardLiborSimulation!G21) -> 0.016666667 | I22: =+I21+(LiborTenor*Volatility!H21*ForwardLiborSimulation!H21)/(1+LiborTenor*ForwardLiborSimulation!H21) -> 0.01723796 | J22: =+J21+(LiborTenor*Volatility!I21*ForwardLiborSimulation!I21)/(1+LiborTenor*ForwardLiborSimulation!I21) -> 0.017453024 | K22: =+K21+(LiborTenor*Volatility!J21*ForwardLiborSimulation!J21)/(1+LiborTenor*ForwardLiborSimulation!J21) -> 0.01707426 | L22: =+L21+(LiborTenor*Volatility!K21*ForwardLiborSimulation!K21)/(1+LiborTenor*ForwardLiborSimulation!K21) -> 0.017205301 | M22: =+M21+(LiborTenor*Volatility!L21*ForwardLiborSimulation!L21)/(1+LiborTenor*ForwardLiborSimulation!L21) -> 0.016780721 | N22: =+N21+(LiborTenor*Volatility!M21*ForwardLiborSimulation!M21)/(1+LiborTenor*ForwardLiborSimulation!M21) -> 0.017673553 | O22: =+O21+(LiborTenor*Volatility!N21*ForwardLiborSimulation!N21)/(1+LiborTenor*ForwardLiborSimulation!N21) -> 0.017536947 | ... CA22: =+CA21+(LiborTenor*Volatility!BZ21*ForwardLiborSimulation!BZ21)/(1+LiborTenor*ForwardLiborSimulation!BZ21) -> 0.01898076
D23: =+ForwardLiborSimulation!D23 -> 6 | F23: =+"L(t;"&D24&","&D23&")" -> L(t;5.75,6) | H23: =+H22+(LiborTenor*Volatility!G22*ForwardLiborSimulation!G22)/(1+LiborTenor*ForwardLiborSimulation!G22) -> 0.018074074 | I23: =+I22+(LiborTenor*Volatility!H22*ForwardLiborSimulation!H22)/(1+LiborTenor*ForwardLiborSimulation!H22) -> 0.018697976 | J23: =+J22+(LiborTenor*Volatility!I22*ForwardLiborSimulation!I22)/(1+LiborTenor*ForwardLiborSimulation!I22) -> 0.018928308 | K23: =+K22+(LiborTenor*Volatility!J22*ForwardLiborSimulation!J22)/(1+LiborTenor*ForwardLiborSimulation!J22) -> 0.018509857 | L23: =+L22+(LiborTenor*Volatility!K22*ForwardLiborSimulation!K22)/(1+LiborTenor*ForwardLiborSimulation!K22) -> 0.018654403 | M23: =+M22+(LiborTenor*Volatility!L22*ForwardLiborSimulation!L22)/(1+LiborTenor*ForwardLiborSimulation!L22) -> 0.0181855 | N23: =+N22+(LiborTenor*Volatility!M22*ForwardLiborSimulation!M22)/(1+LiborTenor*ForwardLiborSimulation!M22) -> 0.019170647 | O23: =+O22+(LiborTenor*Volatility!N22*ForwardLiborSimulation!N22)/(1+LiborTenor*ForwardLiborSimulation!N22) -> 0.01901962 | ... BX23: =+BX22+(LiborTenor*Volatility!BW22*ForwardLiborSimulation!BW22)/(1+LiborTenor*ForwardLiborSimulation!BW22) -> 0.019668071
D24: =+ForwardLiborSimulation!D24 -> 5.75 | F24: =+"L(t;"&D25&","&D24&")" -> L(t;5.5,5.75) | H24: =+H23+(LiborTenor*Volatility!G23*ForwardLiborSimulation!G23)/(1+LiborTenor*ForwardLiborSimulation!G23) -> 0.019509602 | I24: =+I23+(LiborTenor*Volatility!H23*ForwardLiborSimulation!H23)/(1+LiborTenor*ForwardLiborSimulation!H23) -> 0.020187895 | J24: =+J23+(LiborTenor*Volatility!I23*ForwardLiborSimulation!I23)/(1+LiborTenor*ForwardLiborSimulation!I23) -> 0.020433526 | K24: =+K23+(LiborTenor*Volatility!J23*ForwardLiborSimulation!J23)/(1+LiborTenor*ForwardLiborSimulation!J23) -> 0.019973511 | L24: =+L23+(LiborTenor*Volatility!K23*ForwardLiborSimulation!K23)/(1+LiborTenor*ForwardLiborSimulation!K23) -> 0.020132162 | M24: =+M23+(LiborTenor*Volatility!L23*ForwardLiborSimulation!L23)/(1+LiborTenor*ForwardLiborSimulation!L23) -> 0.019616865 | N24: =+N23+(LiborTenor*Volatility!M23*ForwardLiborSimulation!M23)/(1+LiborTenor*ForwardLiborSimulation!M23) -> 0.020698493 | O24: =+O23+(LiborTenor*Volatility!N23*ForwardLiborSimulation!N23)/(1+LiborTenor*ForwardLiborSimulation!N23) -> 0.020532345 | ... BU24: =+BU23+(LiborTenor*Volatility!BT23*ForwardLiborSimulation!BT23)/(1+LiborTenor*ForwardLiborSimulation!BT23) -> 0.022335986
D25: =+ForwardLiborSimulation!D25 -> 5.5 | F25: =+"L(t;"&D26&","&D25&")" -> L(t;5.25,5.5) | H25: =+H24+(LiborTenor*Volatility!G24*ForwardLiborSimulation!G24)/(1+LiborTenor*ForwardLiborSimulation!G24) -> 0.02097279 | I25: =+I24+(LiborTenor*Volatility!H24*ForwardLiborSimulation!H24)/(1+LiborTenor*ForwardLiborSimulation!H24) -> 0.021707285 | J25: =+J24+(LiborTenor*Volatility!I24*ForwardLiborSimulation!I24)/(1+LiborTenor*ForwardLiborSimulation!I24) -> 0.021968243 | K25: =+K24+(LiborTenor*Volatility!J24*ForwardLiborSimulation!J24)/(1+LiborTenor*ForwardLiborSimulation!J24) -> 0.021464754 | L25: =+L24+(LiborTenor*Volatility!K24*ForwardLiborSimulation!K24)/(1+LiborTenor*ForwardLiborSimulation!K24) -> 0.021638118 | M25: =+M24+(LiborTenor*Volatility!L24*ForwardLiborSimulation!L24)/(1+LiborTenor*ForwardLiborSimulation!L24) -> 0.021074324 | N25: =+N24+(LiborTenor*Volatility!M24*ForwardLiborSimulation!M24)/(1+LiborTenor*ForwardLiborSimulation!M24) -> 0.022256656 | O25: =+O24+(LiborTenor*Volatility!N24*ForwardLiborSimulation!N24)/(1+LiborTenor*ForwardLiborSimulation!N24) -> 0.022074672 | ... BR25: =+BR24+(LiborTenor*Volatility!BQ24*ForwardLiborSimulation!BQ24)/(1+LiborTenor*ForwardLiborSimulation!BQ24) -> 0.02524538
D26: =+ForwardLiborSimulation!D26 -> 5.25 | F26: =+"L(t;"&D27&","&D26&")" -> L(t;5,5.25) | H26: =+H25+(LiborTenor*Volatility!G25*ForwardLiborSimulation!G25)/(1+LiborTenor*ForwardLiborSimulation!G25) -> 0.022463182 | I26: =+I25+(LiborTenor*Volatility!H25*ForwardLiborSimulation!H25)/(1+LiborTenor*ForwardLiborSimulation!H25) -> 0.023255711 | J26: =+J25+(LiborTenor*Volatility!I25*ForwardLiborSimulation!I25)/(1+LiborTenor*ForwardLiborSimulation!I25) -> 0.023532026 | K26: =+K25+(LiborTenor*Volatility!J25*ForwardLiborSimulation!J25)/(1+LiborTenor*ForwardLiborSimulation!J25) -> 0.022983122 | L26: =+L25+(LiborTenor*Volatility!K25*ForwardLiborSimulation!K25)/(1+LiborTenor*ForwardLiborSimulation!K25) -> 0.023171814 | M26: =+M25+(LiborTenor*Volatility!L25*ForwardLiborSimulation!L25)/(1+LiborTenor*ForwardLiborSimulation!L25) -> 0.022557385 | N26: =+N25+(LiborTenor*Volatility!M25*ForwardLiborSimulation!M25)/(1+LiborTenor*ForwardLiborSimulation!M25) -> 0.023844695 | O26: =+O25+(LiborTenor*Volatility!N25*ForwardLiborSimulation!N25)/(1+LiborTenor*ForwardLiborSimulation!N25) -> 0.023646148 | ... BO26: =+BO25+(LiborTenor*Volatility!BN25*ForwardLiborSimulation!BN25)/(1+LiborTenor*ForwardLiborSimulation!BN25) -> 0.025986448
D27: =+ForwardLiborSimulation!D27 -> 5 | F27: =+"L(t;"&D28&","&D27&")" -> L(t;4.75,5) | H27: =+H26+(LiborTenor*Volatility!G26*ForwardLiborSimulation!G26)/(1+LiborTenor*ForwardLiborSimulation!G26) -> 0.023980316 | I27: =+I26+(LiborTenor*Volatility!H26*ForwardLiborSimulation!H26)/(1+LiborTenor*ForwardLiborSimulation!H26) -> 0.02483274 | J27: =+J26+(LiborTenor*Volatility!I26*ForwardLiborSimulation!I26)/(1+LiborTenor*ForwardLiborSimulation!I26) -> 0.025124439 | K27: =+K26+(LiborTenor*Volatility!J26*ForwardLiborSimulation!J26)/(1+LiborTenor*ForwardLiborSimulation!J26) -> 0.024528149 | L27: =+L26+(LiborTenor*Volatility!K26*ForwardLiborSimulation!K26)/(1+LiborTenor*ForwardLiborSimulation!K26) -> 0.024732787 | M27: =+M26+(LiborTenor*Volatility!L26*ForwardLiborSimulation!L26)/(1+LiborTenor*ForwardLiborSimulation!L26) -> 0.024065559 | N27: =+N26+(LiborTenor*Volatility!M26*ForwardLiborSimulation!M26)/(1+LiborTenor*ForwardLiborSimulation!M26) -> 0.025462169 | O27: =+O26+(LiborTenor*Volatility!N26*ForwardLiborSimulation!N26)/(1+LiborTenor*ForwardLiborSimulation!N26) -> 0.025246319 | ... BL27: =+BL26+(LiborTenor*Volatility!BK26*ForwardLiborSimulation!BK26)/(1+LiborTenor*ForwardLiborSimulation!BK26) -> 0.027936682
D28: =+ForwardLiborSimulation!D28 -> 4.75 | F28: =+"L(t;"&D29&","&D28&")" -> L(t;4.5,4.75) | H28: =+H27+(LiborTenor*Volatility!G27*ForwardLiborSimulation!G27)/(1+LiborTenor*ForwardLiborSimulation!G27) -> 0.025523736 | I28: =+I27+(LiborTenor*Volatility!H27*ForwardLiborSimulation!H27)/(1+LiborTenor*ForwardLiborSimulation!H27) -> 0.026437934 | J28: =+J27+(LiborTenor*Volatility!I27*ForwardLiborSimulation!I27)/(1+LiborTenor*ForwardLiborSimulation!I27) -> 0.026745044 | K28: =+K27+(LiborTenor*Volatility!J27*ForwardLiborSimulation!J27)/(1+LiborTenor*ForwardLiborSimulation!J27) -> 0.026099368 | L28: =+L27+(LiborTenor*Volatility!K27*ForwardLiborSimulation!K27)/(1+LiborTenor*ForwardLiborSimulation!K27) -> 0.026320578 | M28: =+M27+(LiborTenor*Volatility!L27*ForwardLiborSimulation!L27)/(1+LiborTenor*ForwardLiborSimulation!L27) -> 0.025598352 | N28: =+N27+(LiborTenor*Volatility!M27*ForwardLiborSimulation!M27)/(1+LiborTenor*ForwardLiborSimulation!M27) -> 0.027108633 | O28: =+O27+(LiborTenor*Volatility!N27*ForwardLiborSimulation!N27)/(1+LiborTenor*ForwardLiborSimulation!N27) -> 0.026874728 | ... BI28: =+BI27+(LiborTenor*Volatility!BH27*ForwardLiborSimulation!BH27)/(1+LiborTenor*ForwardLiborSimulation!BH27) -> 0.030731416
D29: =+ForwardLiborSimulation!D29 -> 4.5 | F29: =+"L(t;"&D30&","&D29&")" -> L(t;4.25,4.5) | H29: =+H28+(LiborTenor*Volatility!G28*ForwardLiborSimulation!G28)/(1+LiborTenor*ForwardLiborSimulation!G28) -> 0.027092981 | I29: =+I28+(LiborTenor*Volatility!H28*ForwardLiborSimulation!H28)/(1+LiborTenor*ForwardLiborSimulation!H28) -> 0.028070857 | J29: =+J28+(LiborTenor*Volatility!I28*ForwardLiborSimulation!I28)/(1+LiborTenor*ForwardLiborSimulation!I28) -> 0.028393404 | K29: =+K28+(LiborTenor*Volatility!J28*ForwardLiborSimulation!J28)/(1+LiborTenor*ForwardLiborSimulation!J28) -> 0.027696311 | L29: =+L28+(LiborTenor*Volatility!K28*ForwardLiborSimulation!K28)/(1+LiborTenor*ForwardLiborSimulation!K28) -> 0.027934724 | M29: =+M28+(LiborTenor*Volatility!L28*ForwardLiborSimulation!L28)/(1+LiborTenor*ForwardLiborSimulation!L28) -> 0.027155274 | N29: =+N28+(LiborTenor*Volatility!M28*ForwardLiborSimulation!M28)/(1+LiborTenor*ForwardLiborSimulation!M28) -> 0.028783643 | O29: =+O28+(LiborTenor*Volatility!N28*ForwardLiborSimulation!N28)/(1+LiborTenor*ForwardLiborSimulation!N28) -> 0.028530916 | ... BF29: =+BF28+(LiborTenor*Volatility!BE28*ForwardLiborSimulation!BE28)/(1+LiborTenor*ForwardLiborSimulation!BE28) -> 0.033429295
D30: =+ForwardLiborSimulation!D30 -> 4.25 | F30: =+"L(t;"&D31&","&D30&")" -> L(t;4,4.25) | H30: =+H29+(LiborTenor*Volatility!G29*ForwardLiborSimulation!G29)/(1+LiborTenor*ForwardLiborSimulation!G29) -> 0.028687592 | I30: =+I29+(LiborTenor*Volatility!H29*ForwardLiborSimulation!H29)/(1+LiborTenor*ForwardLiborSimulation!H29) -> 0.02973107 | J30: =+J29+(LiborTenor*Volatility!I29*ForwardLiborSimulation!I29)/(1+LiborTenor*ForwardLiborSimulation!I29) -> 0.030069078 | K30: =+K29+(LiborTenor*Volatility!J29*ForwardLiborSimulation!J29)/(1+LiborTenor*ForwardLiborSimulation!J29) -> 0.029318511 | L30: =+L29+(LiborTenor*Volatility!K29*ForwardLiborSimulation!K29)/(1+LiborTenor*ForwardLiborSimulation!K29) -> 0.029574762 | M30: =+M29+(LiborTenor*Volatility!L29*ForwardLiborSimulation!L29)/(1+LiborTenor*ForwardLiborSimulation!L29) -> 0.028735834 | N30: =+N29+(LiborTenor*Volatility!M29*ForwardLiborSimulation!M29)/(1+LiborTenor*ForwardLiborSimulation!M29) -> 0.030486747 | O30: =+O29+(LiborTenor*Volatility!N29*ForwardLiborSimulation!N29)/(1+LiborTenor*ForwardLiborSimulation!N29) -> 0.030214421 | ... BC30: =+BC29+(LiborTenor*Volatility!BB29*ForwardLiborSimulation!BB29)/(1+LiborTenor*ForwardLiborSimulation!BB29) -> 0.037301408
D31: =+ForwardLiborSimulation!D31 -> 4 | F31: =+"L(t;"&D32&","&D31&")" -> L(t;3.75,4) | H31: =+H30+(LiborTenor*Volatility!G30*ForwardLiborSimulation!G30)/(1+LiborTenor*ForwardLiborSimulation!G30) -> 0.030307111 | I31: =+I30+(LiborTenor*Volatility!H30*ForwardLiborSimulation!H30)/(1+LiborTenor*ForwardLiborSimulation!H30) -> 0.031418133 | J31: =+J30+(LiborTenor*Volatility!I30*ForwardLiborSimulation!I30)/(1+LiborTenor*ForwardLiborSimulation!I30) -> 0.031771624 | K31: =+K30+(LiborTenor*Volatility!J30*ForwardLiborSimulation!J30)/(1+LiborTenor*ForwardLiborSimulation!J30) -> 0.030965499 | L31: =+L30+(LiborTenor*Volatility!K30*ForwardLiborSimulation!K30)/(1+LiborTenor*ForwardLiborSimulation!K30) -> 0.031240229 | M31: =+M30+(LiborTenor*Volatility!L30*ForwardLiborSimulation!L30)/(1+LiborTenor*ForwardLiborSimulation!L30) -> 0.030339541 | N31: =+N30+(LiborTenor*Volatility!M30*ForwardLiborSimulation!M30)/(1+LiborTenor*ForwardLiborSimulation!M30) -> 0.032217495 | O31: =+O30+(LiborTenor*Volatility!N30*ForwardLiborSimulation!N30)/(1+LiborTenor*ForwardLiborSimulation!N30) -> 0.031924781 | ... AZ31: =+AZ30+(LiborTenor*Volatility!AY30*ForwardLiborSimulation!AY30)/(1+LiborTenor*ForwardLiborSimulation!AY30) -> 0.036393344
D32: =+ForwardLiborSimulation!D32 -> 3.75 | F32: =+"L(t;"&D33&","&D32&")" -> L(t;3.5,3.75) | H32: =+H31+(LiborTenor*Volatility!G31*ForwardLiborSimulation!G31)/(1+LiborTenor*ForwardLiborSimulation!G31) -> 0.031951076 | I32: =+I31+(LiborTenor*Volatility!H31*ForwardLiborSimulation!H31)/(1+LiborTenor*ForwardLiborSimulation!H31) -> 0.033131605 | J32: =+J31+(LiborTenor*Volatility!I31*ForwardLiborSimulation!I31)/(1+LiborTenor*ForwardLiborSimulation!I31) -> 0.033500601 | K32: =+K31+(LiborTenor*Volatility!J31*ForwardLiborSimulation!J31)/(1+LiborTenor*ForwardLiborSimulation!J31) -> 0.032636807 | L32: =+L31+(LiborTenor*Volatility!K31*ForwardLiborSimulation!K31)/(1+LiborTenor*ForwardLiborSimulation!K31) -> 0.032930659 | M32: =+M31+(LiborTenor*Volatility!L31*ForwardLiborSimulation!L31)/(1+LiborTenor*ForwardLiborSimulation!L31) -> 0.031965904 | N32: =+N31+(LiborTenor*Volatility!M31*ForwardLiborSimulation!M31)/(1+LiborTenor*ForwardLiborSimulation!M31) -> 0.033975433 | O32: =+O31+(LiborTenor*Volatility!N31*ForwardLiborSimulation!N31)/(1+LiborTenor*ForwardLiborSimulation!N31) -> 0.033661529 | ... AW32: =+AW31+(LiborTenor*Volatility!AV31*ForwardLiborSimulation!AV31)/(1+LiborTenor*ForwardLiborSimulation!AV31) -> 0.037607726
D33: =+ForwardLiborSimulation!D33 -> 3.5 | F33: =+"L(t;"&D34&","&D33&")" -> L(t;3.25,3.5) | H33: =+H32+(LiborTenor*Volatility!G32*ForwardLiborSimulation!G32)/(1+LiborTenor*ForwardLiborSimulation!G32) -> 0.03361903 | I33: =+I32+(LiborTenor*Volatility!H32*ForwardLiborSimulation!H32)/(1+LiborTenor*ForwardLiborSimulation!H32) -> 0.034871045 | J33: =+J32+(LiborTenor*Volatility!I32*ForwardLiborSimulation!I32)/(1+LiborTenor*ForwardLiborSimulation!I32) -> 0.035255565 | K33: =+K32+(LiborTenor*Volatility!J32*ForwardLiborSimulation!J32)/(1+LiborTenor*ForwardLiborSimulation!J32) -> 0.034331966 | L33: =+L32+(LiborTenor*Volatility!K32*ForwardLiborSimulation!K32)/(1+LiborTenor*ForwardLiborSimulation!K32) -> 0.034645586 | M33: =+M32+(LiborTenor*Volatility!L32*ForwardLiborSimulation!L32)/(1+LiborTenor*ForwardLiborSimulation!L32) -> 0.033614432 | N33: =+N32+(LiborTenor*Volatility!M32*ForwardLiborSimulation!M32)/(1+LiborTenor*ForwardLiborSimulation!M32) -> 0.035760105 | O33: =+O32+(LiborTenor*Volatility!N32*ForwardLiborSimulation!N32)/(1+LiborTenor*ForwardLiborSimulation!N32) -> 0.035424198 | ... AT33: =+AT32+(LiborTenor*Volatility!AS32*ForwardLiborSimulation!AS32)/(1+LiborTenor*ForwardLiborSimulation!AS32) -> 0.038696093
D34: =+ForwardLiborSimulation!D34 -> 3.25 | F34: =+"L(t;"&D35&","&D34&")" -> L(t;3,3.25) | H34: =+H33+(LiborTenor*Volatility!G33*ForwardLiborSimulation!G33)/(1+LiborTenor*ForwardLiborSimulation!G33) -> 0.035310512 | I34: =+I33+(LiborTenor*Volatility!H33*ForwardLiborSimulation!H33)/(1+LiborTenor*ForwardLiborSimulation!H33) -> 0.036636008 | J34: =+J33+(LiborTenor*Volatility!I33*ForwardLiborSimulation!I33)/(1+LiborTenor*ForwardLiborSimulation!I33) -> 0.037036069 | K34: =+K33+(LiborTenor*Volatility!J33*ForwardLiborSimulation!J33)/(1+LiborTenor*ForwardLiborSimulation!J33) -> 0.036050505 | L34: =+L33+(LiborTenor*Volatility!K33*ForwardLiborSimulation!K33)/(1+LiborTenor*ForwardLiborSimulation!K33) -> 0.036384545 | M34: =+M33+(LiborTenor*Volatility!L33*ForwardLiborSimulation!L33)/(1+LiborTenor*ForwardLiborSimulation!L33) -> 0.035284635 | N34: =+N33+(LiborTenor*Volatility!M33*ForwardLiborSimulation!M33)/(1+LiborTenor*ForwardLiborSimulation!M33) -> 0.037571053 | O34: =+O33+(LiborTenor*Volatility!N33*ForwardLiborSimulation!N33)/(1+LiborTenor*ForwardLiborSimulation!N33) -> 0.037212318 | ... AQ34: =+AQ33+(LiborTenor*Volatility!AP33*ForwardLiborSimulation!AP33)/(1+LiborTenor*ForwardLiborSimulation!AP33) -> 0.039457306
D35: =+ForwardLiborSimulation!D35 -> 3 | F35: =+"L(t;"&D36&","&D35&")" -> L(t;2.75,3) | H35: =+H34+(LiborTenor*Volatility!G34*ForwardLiborSimulation!G34)/(1+LiborTenor*ForwardLiborSimulation!G34) -> 0.037025062 | I35: =+I34+(LiborTenor*Volatility!H34*ForwardLiborSimulation!H34)/(1+LiborTenor*ForwardLiborSimulation!H34) -> 0.038414196 | J35: =+J34+(LiborTenor*Volatility!I34*ForwardLiborSimulation!I34)/(1+LiborTenor*ForwardLiborSimulation!I34) -> 0.038817886 | K35: =+K34+(LiborTenor*Volatility!J34*ForwardLiborSimulation!J34)/(1+LiborTenor*ForwardLiborSimulation!J34) -> 0.037769851 | L35: =+L34+(LiborTenor*Volatility!K34*ForwardLiborSimulation!K34)/(1+LiborTenor*ForwardLiborSimulation!K34) -> 0.038124422 | M35: =+M34+(LiborTenor*Volatility!L34*ForwardLiborSimulation!L34)/(1+LiborTenor*ForwardLiborSimulation!L34) -> 0.036955216 | N35: =+N34+(LiborTenor*Volatility!M34*ForwardLiborSimulation!M34)/(1+LiborTenor*ForwardLiborSimulation!M34) -> 0.039383331 | O35: =+O34+(LiborTenor*Volatility!N34*ForwardLiborSimulation!N34)/(1+LiborTenor*ForwardLiborSimulation!N34) -> 0.039001556 | ... AN35: =+AN34+(LiborTenor*Volatility!AM34*ForwardLiborSimulation!AM34)/(1+LiborTenor*ForwardLiborSimulation!AM34) -> 0.047179816
D36: =+ForwardLiborSimulation!D36 -> 2.75 | F36: =+"L(t;"&D37&","&D36&")" -> L(t;2.5,2.75) | H36: =+H35+(LiborTenor*Volatility!G35*ForwardLiborSimulation!G35)/(1+LiborTenor*ForwardLiborSimulation!G35) -> 0.03872816 | I36: =+I35+(LiborTenor*Volatility!H35*ForwardLiborSimulation!H35)/(1+LiborTenor*ForwardLiborSimulation!H35) -> 0.040180475 | J36: =+J35+(LiborTenor*Volatility!I35*ForwardLiborSimulation!I35)/(1+LiborTenor*ForwardLiborSimulation!I35) -> 0.040587731 | K36: =+K35+(LiborTenor*Volatility!J35*ForwardLiborSimulation!J35)/(1+LiborTenor*ForwardLiborSimulation!J35) -> 0.039477601 | L36: =+L35+(LiborTenor*Volatility!K35*ForwardLiborSimulation!K35)/(1+LiborTenor*ForwardLiborSimulation!K35) -> 0.03985253 | M36: =+M35+(LiborTenor*Volatility!L35*ForwardLiborSimulation!L35)/(1+LiborTenor*ForwardLiborSimulation!L35) -> 0.038614454 | N36: =+N35+(LiborTenor*Volatility!M35*ForwardLiborSimulation!M35)/(1+LiborTenor*ForwardLiborSimulation!M35) -> 0.041183281 | O36: =+O35+(LiborTenor*Volatility!N35*ForwardLiborSimulation!N35)/(1+LiborTenor*ForwardLiborSimulation!N35) -> 0.040778582 | ... AK36: =+AK35+(LiborTenor*Volatility!AJ35*ForwardLiborSimulation!AJ35)/(1+LiborTenor*ForwardLiborSimulation!AJ35) -> 0.046858266
D37: =+ForwardLiborSimulation!D37 -> 2.5 | F37: =+"L(t;"&D38&","&D37&")" -> L(t;2.25,2.5) | H37: =+H36+(LiborTenor*Volatility!G36*ForwardLiborSimulation!G36)/(1+LiborTenor*ForwardLiborSimulation!G36) -> 0.040419802 | I37: =+I36+(LiborTenor*Volatility!H36*ForwardLiborSimulation!H36)/(1+LiborTenor*ForwardLiborSimulation!H36) -> 0.041934844 | J37: =+J36+(LiborTenor*Volatility!I36*ForwardLiborSimulation!I36)/(1+LiborTenor*ForwardLiborSimulation!I36) -> 0.042345603 | K37: =+K36+(LiborTenor*Volatility!J36*ForwardLiborSimulation!J36)/(1+LiborTenor*ForwardLiborSimulation!J36) -> 0.041173755 | L37: =+L36+(LiborTenor*Volatility!K36*ForwardLiborSimulation!K36)/(1+LiborTenor*ForwardLiborSimulation!K36) -> 0.041568869 | M37: =+M36+(LiborTenor*Volatility!L36*ForwardLiborSimulation!L36)/(1+LiborTenor*ForwardLiborSimulation!L36) -> 0.04026235 | N37: =+N36+(LiborTenor*Volatility!M36*ForwardLiborSimulation!M36)/(1+LiborTenor*ForwardLiborSimulation!M36) -> 0.042970906 | O37: =+O36+(LiborTenor*Volatility!N36*ForwardLiborSimulation!N36)/(1+LiborTenor*ForwardLiborSimulation!N36) -> 0.042543397 | ... AH37: =+AH36+(LiborTenor*Volatility!AG36*ForwardLiborSimulation!AG36)/(1+LiborTenor*ForwardLiborSimulation!AG36) -> 0.044940495
D38: =+ForwardLiborSimulation!D38 -> 2.25 | F38: =+"L(t;"&D39&","&D38&")" -> L(t;2,2.25) | H38: =+H37+(LiborTenor*Volatility!G37*ForwardLiborSimulation!G37)/(1+LiborTenor*ForwardLiborSimulation!G37) -> 0.042099987 | I38: =+I37+(LiborTenor*Volatility!H37*ForwardLiborSimulation!H37)/(1+LiborTenor*ForwardLiborSimulation!H37) -> 0.0436773 | J38: =+J37+(LiborTenor*Volatility!I37*ForwardLiborSimulation!I37)/(1+LiborTenor*ForwardLiborSimulation!I37) -> 0.044091502 | K38: =+K37+(LiborTenor*Volatility!J37*ForwardLiborSimulation!J37)/(1+LiborTenor*ForwardLiborSimulation!J37) -> 0.042858313 | L38: =+L37+(LiborTenor*Volatility!K37*ForwardLiborSimulation!K37)/(1+LiborTenor*ForwardLiborSimulation!K37) -> 0.043273441 | M38: =+M37+(LiborTenor*Volatility!L37*ForwardLiborSimulation!L37)/(1+LiborTenor*ForwardLiborSimulation!L37) -> 0.041898908 | N38: =+N37+(LiborTenor*Volatility!M37*ForwardLiborSimulation!M37)/(1+LiborTenor*ForwardLiborSimulation!M37) -> 0.044746208 | O38: =+O37+(LiborTenor*Volatility!N37*ForwardLiborSimulation!N37)/(1+LiborTenor*ForwardLiborSimulation!N37) -> 0.044296007 | ... AE38: =+AE37+(LiborTenor*Volatility!AD37*ForwardLiborSimulation!AD37)/(1+LiborTenor*ForwardLiborSimulation!AD37) -> 0.043242891
D39: =+ForwardLiborSimulation!D39 -> 2 | F39: =+"L(t;"&D40&","&D39&")" -> L(t;1.75,2) | H39: =+H38+(LiborTenor*Volatility!G38*ForwardLiborSimulation!G38)/(1+LiborTenor*ForwardLiborSimulation!G38) -> 0.043746464 | I39: =+I38+(LiborTenor*Volatility!H38*ForwardLiborSimulation!H38)/(1+LiborTenor*ForwardLiborSimulation!H38) -> 0.045360894 | J39: =+J38+(LiborTenor*Volatility!I38*ForwardLiborSimulation!I38)/(1+LiborTenor*ForwardLiborSimulation!I38) -> 0.045755192 | K39: =+K38+(LiborTenor*Volatility!J38*ForwardLiborSimulation!J38)/(1+LiborTenor*ForwardLiborSimulation!J38) -> 0.044465851 | L39: =+L38+(LiborTenor*Volatility!K38*ForwardLiborSimulation!K38)/(1+LiborTenor*ForwardLiborSimulation!K38) -> 0.044899283 | M39: =+M38+(LiborTenor*Volatility!L38*ForwardLiborSimulation!L38)/(1+LiborTenor*ForwardLiborSimulation!L38) -> 0.043462434 | N39: =+N38+(LiborTenor*Volatility!M38*ForwardLiborSimulation!M38)/(1+LiborTenor*ForwardLiborSimulation!M38) -> 0.046436968 | O39: =+O38+(LiborTenor*Volatility!N38*ForwardLiborSimulation!N38)/(1+LiborTenor*ForwardLiborSimulation!N38) -> 0.045965981 | ... AB39: =+AB38+(LiborTenor*Volatility!AA38*ForwardLiborSimulation!AA38)/(1+LiborTenor*ForwardLiborSimulation!AA38) -> 0.046646686
D40: =+ForwardLiborSimulation!D40 -> 1.75 | F40: =+"L(t;"&D41&","&D40&")" -> L(t;1.5,1.75) | H40: =+H39+(LiborTenor*Volatility!G39*ForwardLiborSimulation!G39)/(1+LiborTenor*ForwardLiborSimulation!G39) -> 0.045304493 | I40: =+I39+(LiborTenor*Volatility!H39*ForwardLiborSimulation!H39)/(1+LiborTenor*ForwardLiborSimulation!H39) -> 0.046950827 | J40: =+J39+(LiborTenor*Volatility!I39*ForwardLiborSimulation!I39)/(1+LiborTenor*ForwardLiborSimulation!I39) -> 0.04732524 | K40: =+K39+(LiborTenor*Volatility!J39*ForwardLiborSimulation!J39)/(1+LiborTenor*ForwardLiborSimulation!J39) -> 0.045985077 | L40: =+L39+(LiborTenor*Volatility!K39*ForwardLiborSimulation!K39)/(1+LiborTenor*ForwardLiborSimulation!K39) -> 0.046435062 | M40: =+M39+(LiborTenor*Volatility!L39*ForwardLiborSimulation!L39)/(1+LiborTenor*ForwardLiborSimulation!L39) -> 0.044941767 | N40: =+N39+(LiborTenor*Volatility!M39*ForwardLiborSimulation!M39)/(1+LiborTenor*ForwardLiborSimulation!M39) -> 0.048031663 | O40: =+O39+(LiborTenor*Volatility!N39*ForwardLiborSimulation!N39)/(1+LiborTenor*ForwardLiborSimulation!N39) -> 0.047541854 | ... Y40: =+Y39+(LiborTenor*Volatility!X39*ForwardLiborSimulation!X39)/(1+LiborTenor*ForwardLiborSimulation!X39) -> 0.046772406
D41: =+ForwardLiborSimulation!D41 -> 1.5 | F41: =+"L(t;"&D42&","&D41&")" -> L(t;1.25,1.5) | H41: =+H40+(LiborTenor*Volatility!G40*ForwardLiborSimulation!G40)/(1+LiborTenor*ForwardLiborSimulation!G40) -> 0.046775899 | I41: =+I40+(LiborTenor*Volatility!H40*ForwardLiborSimulation!H40)/(1+LiborTenor*ForwardLiborSimulation!H40) -> 0.048449254 | J41: =+J40+(LiborTenor*Volatility!I40*ForwardLiborSimulation!I40)/(1+LiborTenor*ForwardLiborSimulation!I40) -> 0.048803827 | K41: =+K40+(LiborTenor*Volatility!J40*ForwardLiborSimulation!J40)/(1+LiborTenor*ForwardLiborSimulation!J40) -> 0.047417851 | L41: =+L40+(LiborTenor*Volatility!K40*ForwardLiborSimulation!K40)/(1+LiborTenor*ForwardLiborSimulation!K40) -> 0.047882747 | M41: =+M40+(LiborTenor*Volatility!L40*ForwardLiborSimulation!L40)/(1+LiborTenor*ForwardLiborSimulation!L40) -> 0.046338526 | N41: =+N40+(LiborTenor*Volatility!M40*ForwardLiborSimulation!M40)/(1+LiborTenor*ForwardLiborSimulation!M40) -> 0.049532604 | O41: =+O40+(LiborTenor*Volatility!N40*ForwardLiborSimulation!N40)/(1+LiborTenor*ForwardLiborSimulation!N40) -> 0.049025822 | ... V41: =+V40+(LiborTenor*Volatility!U40*ForwardLiborSimulation!U40)/(1+LiborTenor*ForwardLiborSimulation!U40) -> 0.052803303
D42: =+ForwardLiborSimulation!D42 -> 1.25 | F42: =+"L(t;"&D43&","&D42&")" -> L(t;1,1.25) | H42: =+H41+(LiborTenor*Volatility!G41*ForwardLiborSimulation!G41)/(1+LiborTenor*ForwardLiborSimulation!G41) -> 0.048162512 | I42: =+I41+(LiborTenor*Volatility!H41*ForwardLiborSimulation!H41)/(1+LiborTenor*ForwardLiborSimulation!H41) -> 0.049858322 | J42: =+J41+(LiborTenor*Volatility!I41*ForwardLiborSimulation!I41)/(1+LiborTenor*ForwardLiborSimulation!I41) -> 0.050193123 | K42: =+K41+(LiborTenor*Volatility!J41*ForwardLiborSimulation!J41)/(1+LiborTenor*ForwardLiborSimulation!J41) -> 0.04876603 | L42: =+L41+(LiborTenor*Volatility!K41*ForwardLiborSimulation!K41)/(1+LiborTenor*ForwardLiborSimulation!K41) -> 0.049244301 | M42: =+M41+(LiborTenor*Volatility!L41*ForwardLiborSimulation!L41)/(1+LiborTenor*ForwardLiborSimulation!L41) -> 0.047654333 | N42: =+N41+(LiborTenor*Volatility!M41*ForwardLiborSimulation!M41)/(1+LiborTenor*ForwardLiborSimulation!M41) -> 0.050942094 | O42: =+O41+(LiborTenor*Volatility!N41*ForwardLiborSimulation!N41)/(1+LiborTenor*ForwardLiborSimulation!N41) -> 0.050420071 | ... S42: =+S41+(LiborTenor*Volatility!R41*ForwardLiborSimulation!R41)/(1+LiborTenor*ForwardLiborSimulation!R41) -> 0.052643539
D43: =+ForwardLiborSimulation!D43 -> 1 | F43: =+"L(t;"&D44&","&D43&")" -> L(t;0.75,1) | H43: =+H42+(LiborTenor*Volatility!G42*ForwardLiborSimulation!G42)/(1+LiborTenor*ForwardLiborSimulation!G42) -> 0.049466161 | I43: =+I42+(LiborTenor*Volatility!H42*ForwardLiborSimulation!H42)/(1+LiborTenor*ForwardLiborSimulation!H42) -> 0.051180171 | J43: =+J42+(LiborTenor*Volatility!I42*ForwardLiborSimulation!I42)/(1+LiborTenor*ForwardLiborSimulation!I42) -> 0.051495289 | K43: =+K42+(LiborTenor*Volatility!J42*ForwardLiborSimulation!J42)/(1+LiborTenor*ForwardLiborSimulation!J42) -> 0.05003147 | L43: =+L42+(LiborTenor*Volatility!K42*ForwardLiborSimulation!K42)/(1+LiborTenor*ForwardLiborSimulation!K42) -> 0.050521681 | M43: =+M42+(LiborTenor*Volatility!L42*ForwardLiborSimulation!L42)/(1+LiborTenor*ForwardLiborSimulation!L42) -> 0.048890816 | N43: =+N42+(LiborTenor*Volatility!M42*ForwardLiborSimulation!M42)/(1+LiborTenor*ForwardLiborSimulation!M42) -> 0.05226242 | O43: =+O42+(LiborTenor*Volatility!N42*ForwardLiborSimulation!N42)/(1+LiborTenor*ForwardLiborSimulation!N42) -> 0.05172678 | P43: =+P42+(LiborTenor*Volatility!O42*ForwardLiborSimulation!O42)/(1+LiborTenor*ForwardLiborSimulation!O42) -> 0.053706941
D44: =+ForwardLiborSimulation!D44 -> 0.75 | F44: =+"L(t;"&D45&","&D44&")" -> L(t;0.5,0.75) | H44: =+H43+(LiborTenor*Volatility!G43*ForwardLiborSimulation!G43)/(1+LiborTenor*ForwardLiborSimulation!G43) -> 0.050688675 | I44: =+I43+(LiborTenor*Volatility!H43*ForwardLiborSimulation!H43)/(1+LiborTenor*ForwardLiborSimulation!H43) -> 0.052416931 | J44: =+J43+(LiborTenor*Volatility!I43*ForwardLiborSimulation!I43)/(1+LiborTenor*ForwardLiborSimulation!I43) -> 0.052712478 | K44: =+K43+(LiborTenor*Volatility!J43*ForwardLiborSimulation!J43)/(1+LiborTenor*ForwardLiborSimulation!J43) -> 0.051216025 | L44: =+L43+(LiborTenor*Volatility!K43*ForwardLiborSimulation!K43)/(1+LiborTenor*ForwardLiborSimulation!K43) -> 0.051716843 | M44: =+M43+(LiborTenor*Volatility!L43*ForwardLiborSimulation!L43)/(1+LiborTenor*ForwardLiborSimulation!L43) -> 0.050049607
D45: =+ForwardLiborSimulation!D45 -> 0.5 | F45: =+"L(t;"&D46&","&D45&")" -> L(t;0.25,0.5) | H45: =+H44+(LiborTenor*Volatility!G44*ForwardLiborSimulation!G44)/(1+LiborTenor*ForwardLiborSimulation!G44) -> 0.051831886 | I45: =+I44+(LiborTenor*Volatility!H44*ForwardLiborSimulation!H44)/(1+LiborTenor*ForwardLiborSimulation!H44) -> 0.053570728 | J45: =+J44+(LiborTenor*Volatility!I44*ForwardLiborSimulation!I44)/(1+LiborTenor*ForwardLiborSimulation!I44) -> 0.053846831
D46: =+ForwardLiborSimulation!D46 -> 0.25 | F46: =+"L(t;"&D47&","&D46&")" -> L(t;0,0.25)
D47: =+ForwardLiborSimulation!D47 -> 0 | F47: t (years) = | G47: =+ForwardLiborSimulation!G47 -> 0 | H47: =+ForwardLiborSimulation!H47 -> 0.083333333 | I47: =+ForwardLiborSimulation!I47 -> 0.16666667 | J47: =+ForwardLiborSimulation!J47 -> 0.25 | K47: =+ForwardLiborSimulation!K47 -> 0.33333333 | L47: =+ForwardLiborSimulation!L47 -> 0.41666667 | M47: =+ForwardLiborSimulation!M47 -> 0.5 | N47: =+ForwardLiborSimulation!N47 -> 0.58333333 | ... DW47: =+ForwardLiborSimulation!DW47 -> 10
